Severity,Start_Time,End_Time,Start_Lat,Start_Lng,Distance(mi),City,State,Temperature(F),Pressure(in),Visibility(mi),Wind_Speed(mph),Precipitation(in),Weather_Condition,Duration_Minutes
3,2016-02-08 05:46:00,2016-02-08 11:00:00,39.865147,-84.058723,0.01,Dayton,OH,36.9,29.68,10.0,7.0,0.02,Light Rain,314.0
2,2016-02-08 06:07:59,2016-02-08 06:37:59,39.92805900000001,-82.831184,0.01,Reynoldsburg,OH,37.9,29.65,10.0,7.0,0.0,Light Rain,30.0
2,2016-02-08 06:49:27,2016-02-08 07:19:27,39.063148,-84.032608,0.01,Williamsburg,OH,36.0,29.67,10.0,3.5,0.0,Overcast,30.0
3,2016-02-08 07:23:34,2016-02-08 07:53:34,39.747753,-84.20558199999998,0.01,Dayton,OH,35.1,29.64,9.0,4.6,0.0,Mostly Cloudy,30.0
2,2016-02-08 07:39:07,2016-02-08 08:09:07,39.627781,-84.188354,0.01,Dayton,OH,36.0,29.65,6.0,3.5,0.0,Mostly Cloudy,30.0
3,2016-02-08 07:44:26,2016-02-08 08:14:26,40.10059,-82.92519399999998,0.01,Westerville,OH,37.9,29.63,7.0,3.5,0.03,Light Rain,30.0
2,2016-02-08 07:59:35,2016-02-08 08:29:35,39.758274,-84.23050699999997,0.0,Dayton,OH,34.0,29.66,7.0,3.5,0.0,Overcast,30.0
3,2016-02-08 07:59:58,2016-02-08 08:29:58,39.770382,-84.194901,0.01,Dayton,OH,34.0,29.66,7.0,3.5,0.0,Overcast,30.0
2,2016-02-08 08:00:40,2016-02-08 08:30:40,39.778061,-84.172005,0.0,Dayton,OH,33.3,29.67,5.0,1.2,0.0,Mostly Cloudy,30.0
3,2016-02-08 08:10:04,2016-02-08 08:40:04,40.10059,-82.92519399999998,0.01,Westerville,OH,37.4,29.62,3.0,4.6,0.02,Light Rain,30.0
3,2016-02-08 08:14:42,2016-02-08 08:44:42,39.952812,-83.119293,0.01,Columbus,OH,35.6,29.64,5.0,5.8,0.0,Rain,30.0
3,2016-02-08 08:21:27,2016-02-08 08:51:27,39.932709,-82.83091,0.01,Reynoldsburg,OH,37.4,29.62,3.0,4.6,0.02,Light Rain,30.0
2,2016-02-08 08:36:34,2016-02-08 09:06:34,39.737633,-84.14993299999998,0.0,Dayton,OH,33.8,29.63,3.0,2.3,0.0,Overcast,30.0
2,2016-02-08 08:37:07,2016-02-08 09:07:07,39.79076,-84.241547,0.01,Dayton,OH,36.0,29.65,10.0,5.8,0.0,Mostly Cloudy,30.0
2,2016-02-08 08:39:43,2016-02-08 09:09:43,39.972038,-82.913521,0.01,Columbus,OH,37.4,29.62,3.0,4.6,0.02,Light Rain,30.0
2,2016-02-08 08:43:20,2016-02-08 09:13:20,39.745888,-84.17041,0.01,Dayton,OH,33.8,29.63,3.0,2.3,0.0,Overcast,30.0
2,2016-02-08 08:53:17,2016-02-08 09:23:17,39.748329,-84.224007,0.01,Dayton,OH,35.6,29.65,7.0,2.3,0.0,Mostly Cloudy,30.0
2,2016-02-08 09:24:37,2016-02-08 09:54:37,39.752174,-84.239952,0.0,Dayton,OH,36.0,29.65,10.0,5.8,0.0,Mostly Cloudy,30.0
2,2016-02-08 09:25:17,2016-02-08 09:55:17,39.740669,-84.184135,0.01,Dayton,OH,37.4,29.63,10.0,6.9,0.0,Overcast,30.0
2,2016-02-08 09:35:35,2016-02-08 10:05:35,39.790703,-84.244461,0.01,Dayton,OH,36.0,29.65,10.0,6.9,0.0,Mostly Cloudy,30.0
2,2016-02-08 10:11:15,2016-02-08 10:41:15,40.052509,-82.88233199999998,0.0,Columbus,OH,33.8,29.62,2.0,4.6,0.01,Light Snow,30.0
2,2016-02-08 10:24:27,2016-02-08 10:54:27,39.773346,-84.224686,0.0,Dayton,OH,36.0,29.65,10.0,6.9,0.0,Mostly Cloudy,30.0
2,2016-02-08 11:53:19,2016-02-08 12:23:19,39.628288,-84.226151,0.01,Miamisburg,OH,35.1,29.65,6.0,8.1,0.02,Overcast,30.0
3,2016-02-08 12:00:00,2016-02-08 12:45:00,40.023487,-82.994888,0.01,Columbus,OH,37.0,29.63,8.0,5.8,0.0,Overcast,45.0
2,2016-02-08 12:16:44,2016-02-08 13:01:44,39.761379,-84.25921600000002,0.01,Dayton,OH,37.9,29.62,10.0,10.4,0.0,Overcast,45.0
2,2016-02-08 12:41:08,2016-02-08 13:11:08,40.158024,-82.641762,1.32,Johnstown,OH,37.9,29.6,5.0,4.6,0.01,Light Snow,30.0
2,2016-02-08 12:52:05,2016-02-08 13:37:05,39.733219,-84.159653,0.0,Dayton,OH,36.0,29.63,7.0,9.2,0.0,Light Snow,45.0
2,2016-02-08 14:24:48,2016-02-08 15:09:48,39.775303,-84.200523,0.0,Dayton,OH,39.9,29.61,10.0,11.5,0.0,Mostly Cloudy,45.0
2,2016-02-08 14:56:57,2016-02-08 15:41:57,39.789322,-84.23910500000002,0.01,Dayton,OH,39.9,29.61,10.0,8.1,0.0,Mostly Cloudy,45.0
2,2016-02-08 15:26:14,2016-02-08 16:11:14,39.75872,-84.183762,0.0,Dayton,OH,39.2,29.62,10.0,4.6,0.0,Mostly Cloudy,45.0
2,2016-02-08 16:16:08,2016-02-08 16:46:08,40.081459,-83.122398,0.01,Dublin,OH,37.0,29.61,10.0,6.9,0.0,Overcast,30.0
2,2016-02-08 17:39:24,2016-02-08 18:24:24,39.83321,-84.112946,0.0,Dayton,OH,34.2,29.66,10.0,3.5,0.02,Light Rain,45.0
3,2016-02-08 18:24:00,2016-02-08 21:00:00,40.042725,-82.99730699999998,0.01,Columbus,OH,33.8,29.62,6.0,5.8,0.0,Overcast,156.0
3,2016-02-08 19:28:00,2016-02-08 21:00:00,39.974415,-82.848854,0.01,Columbus,OH,34.0,29.65,6.0,7.0,0.07,Overcast,92.0
2,2016-02-08 20:22:38,2016-02-08 21:07:38,39.994766,-83.02449,0.01,Columbus,OH,33.1,29.63,7.0,8.1,0.0,Light Snow,45.0
2,2016-02-08 20:43:00,2016-02-08 23:00:00,40.006477,-83.030991,1.09,Columbus,OH,33.1,29.63,9.0,9.2,0.0,Overcast,137.0
2,2016-02-09 04:28:48,2016-02-09 04:58:48,39.742062,-84.186996,0.01,Dayton,OH,23.0,29.65,5.0,11.5,0.0,Light Snow,30.0
2,2016-02-09 05:04:34,2016-02-09 05:34:34,39.843521,-82.78157,0.01,Canal Winchester,OH,23.0,29.63,2.5,11.5,0.0,Light Snow,30.0
2,2016-02-09 05:17:08,2016-02-09 05:47:08,39.782578,-84.178688,0.01,Dayton,OH,22.8,29.69,4.0,11.5,0.0,Light Snow,30.0
3,2016-02-09 05:27:20,2016-02-09 05:57:20,40.007626,-82.912155,0.01,Columbus,OH,26.6,29.62,1.5,8.1,0.01,Light Snow,30.0
2,2016-02-09 05:40:57,2016-02-09 06:10:57,39.447502,-84.19120799999997,0.0,Lebanon,OH,21.0,29.67,0.8,9.2,0.01,Light Snow,30.0
2,2016-02-09 05:47:16,2016-02-09 06:17:16,39.787731,-84.173439,0.01,Dayton,OH,23.0,29.71,3.0,10.4,0.0,Light Snow,30.0
2,2016-02-09 05:56:10,2016-02-09 06:26:10,39.426277,-83.624611,0.01,Sabina,OH,19.9,29.75,1.8,13.8,0.0,Light Snow,30.0
3,2016-02-09 06:06:45,2016-02-09 06:36:45,39.978306,-82.852554,0.01,Columbus,OH,25.0,29.65,1.0,9.2,0.02,Light Snow,30.0
3,2016-02-09 06:13:33,2016-02-09 06:43:33,39.84182,-84.18960600000003,0.01,Dayton,OH,23.0,29.66,2.0,15.0,0.0,Light Snow,30.0
3,2016-02-09 06:12:49,2016-02-09 06:42:49,39.953625,-82.958954,0.01,Columbus,OH,25.0,29.65,1.0,9.2,0.02,Light Snow,30.0
2,2016-02-09 06:21:50,2016-02-09 06:51:50,40.053082,-83.049644,0.01,Columbus,OH,26.1,29.63,2.0,12.7,0.0,Light Snow,30.0
3,2016-02-09 06:20:46,2016-02-09 06:50:46,39.936874,-82.878723,0.01,Columbus,OH,24.8,29.64,1.0,8.1,0.01,Light Snow,30.0
2,2016-02-09 06:34:41,2016-02-09 07:04:41,39.780643,-84.16349,0.01,Dayton,OH,23.0,29.68,4.0,11.5,0.0,Light Snow,30.0
3,2016-02-09 06:41:09,2016-02-09 07:11:09,39.773193,-84.187454,0.01,Dayton,OH,23.0,29.68,4.0,11.5,0.0,Light Snow,30.0
2,2016-02-09 06:48:18,2016-02-09 07:18:18,39.77858,-84.20468100000002,0.01,Dayton,OH,21.9,29.71,2.0,12.7,0.01,Light Snow,30.0
2,2016-02-09 06:53:09,2016-02-09 07:23:09,39.792988,-84.20607,0.01,Dayton,OH,21.9,29.71,2.0,12.7,0.01,Light Snow,30.0
3,2016-02-09 06:54:31,2016-02-09 07:24:31,39.770382,-84.194901,0.01,Dayton,OH,21.9,29.71,2.0,12.7,0.01,Light Snow,30.0
3,2016-02-09 07:03:20,2016-02-09 07:33:20,39.976398,-83.119225,0.01,Columbus,OH,21.2,29.66,1.5,13.8,0.0,Light Snow,30.0
3,2016-02-09 07:05:37,2016-02-09 07:35:37,39.6395,-84.23136099999998,0.01,Dayton,OH,21.0,29.69,1.2,9.2,0.0,Light Snow,30.0
2,2016-02-09 07:04:58,2016-02-09 07:34:58,39.232578,-84.159286,0.01,Goshen,OH,21.0,29.73,2.5,9.2,0.0,Light Snow,30.0
2,2016-02-09 07:15:41,2016-02-09 07:45:41,39.746593,-84.23912,0.01,Dayton,OH,21.9,29.68,2.0,12.7,0.0,Light Snow,30.0
2,2016-02-09 07:41:01,2016-02-09 08:11:01,39.742783,-84.182472,0.01,Dayton,OH,22.5,29.73,1.2,9.2,0.0,Light Snow,30.0
2,2016-02-09 07:42:43,2016-02-09 08:12:43,39.75452,-84.159279,0.01,Dayton,OH,22.5,29.73,1.2,9.2,0.0,Light Snow,30.0
2,2016-02-09 07:42:11,2016-02-09 08:12:11,39.749916,-84.139359,0.01,Dayton,OH,22.5,29.73,1.2,9.2,0.0,Light Snow,30.0
3,2016-02-09 07:46:41,2016-02-09 08:16:41,40.100903,-82.98410799999998,0.01,Columbus,OH,24.8,29.65,1.8,8.1,0.0,Light Snow,30.0
2,2016-02-09 07:54:44,2016-02-09 08:24:44,39.77280800000001,-84.201851,0.0,Dayton,OH,21.2,29.69,2.0,12.7,0.0,Light Snow,30.0
2,2016-02-09 08:06:39,2016-02-09 08:36:39,39.492485,-84.131798,0.01,Waynesville,OH,21.0,29.7,1.2,9.2,0.0,Light Snow,30.0
2,2016-02-09 08:12:44,2016-02-09 08:42:44,39.570904,-84.251724,0.01,Springboro,OH,21.0,29.7,1.2,9.2,0.0,Light Snow,30.0
2,2016-02-09 08:10:20,2016-02-09 08:40:20,39.834282,-82.74382,0.0,Carroll,OH,21.9,29.7,0.8,11.5,0.0,Light Snow,30.0
3,2016-02-09 08:23:36,2016-02-09 08:53:36,39.622787,-84.229858,0.01,Miamisburg,OH,21.0,29.7,1.2,9.2,0.0,Light Snow,30.0
3,2016-02-09 08:24:29,2016-02-09 08:54:29,39.429871,-84.079666,0.01,Oregonia,OH,21.0,29.7,1.2,9.2,0.0,Light Snow,30.0
3,2016-02-09 08:20:30,2016-02-09 08:50:30,41.407391,-81.64676700000003,0.01,Independence,OH,32.0,29.58,10.0,12.7,0.0,Overcast,30.0
3,2016-02-09 08:35:53,2016-02-09 09:05:53,41.424404,-81.57867399999998,0.01,Maple Heights,OH,32.0,29.58,10.0,12.7,0.0,Overcast,30.0
3,2016-02-09 10:06:46,2016-02-09 10:36:46,39.89217,-83.039169,0.01,Grove City,OH,21.2,29.69,5.0,11.5,0.0,Overcast,30.0
2,2016-02-09 11:09:37,2016-02-09 11:39:37,41.022358,-83.650345,0.01,Findlay,OH,27.0,29.64,2.5,19.6,0.0,Light Snow,30.0
2,2016-02-10 06:18:16,2016-02-10 06:48:16,39.206806,-84.053253,0.0,Goshen,OH,16.2,29.95,5.0,9.2,0.0,Light Snow,30.0
3,2016-02-10 06:06:00,2016-02-10 09:06:00,39.973797,-83.022285,0.01,Columbus,OH,15.8,29.87,4.0,11.5,0.0,Light Snow,180.0
2,2016-02-10 06:24:29,2016-02-10 06:54:29,40.048008,-82.86421999999997,0.0,Columbus,OH,15.8,29.87,4.0,11.5,0.0,Light Snow,30.0
2,2016-02-10 06:53:02,2016-02-10 07:23:02,39.814526,-84.021744,0.01,Fairborn,OH,15.4,29.95,7.0,13.8,0.0,Light Snow,30.0
3,2016-02-10 07:50:52,2016-02-10 08:20:52,40.151196,-84.22003199999997,0.01,Piqua,OH,14.0,29.89,7.0,15.0,0.0,Light Snow,30.0
3,2016-02-10 07:50:08,2016-02-10 08:20:08,39.954617,-82.844238,0.01,Columbus,OH,15.1,29.92,1.0,8.1,0.01,Light Snow,30.0
2,2016-02-10 08:01:30,2016-02-10 08:31:30,38.990551,-84.207497,0.01,New Richmond,OH,15.8,29.96,1.8,6.9,0.0,Light Snow,30.0
2,2016-02-10 08:08:36,2016-02-10 08:38:36,40.008995,-83.002678,0.0,Columbus,OH,16.0,29.91,1.5,13.8,0.0,Light Snow,30.0
2,2016-02-10 08:11:22,2016-02-10 08:41:22,39.077332,-84.225014,0.0,Batavia,OH,15.8,29.97,4.0,11.5,0.0,Light Snow,30.0
2,2016-02-10 08:50:54,2016-02-10 09:20:54,39.955452,-82.795845,0.01,Reynoldsburg,OH,16.0,29.93,1.0,9.2,0.0,Light Snow,30.0
3,2016-02-10 09:03:53,2016-02-10 09:33:53,40.224586,-82.929085,0.01,Galena,OH,17.6,29.87,3.0,11.5,0.0,Haze,30.0
3,2016-02-10 09:42:04,2016-02-10 10:12:04,39.976398,-83.119225,0.01,Columbus,OH,15.8,29.91,1.5,10.4,0.0,Light Snow,30.0
3,2016-02-10 10:38:58,2016-02-10 11:08:58,39.98560300000001,-82.939247,0.01,Columbus,OH,17.1,29.96,1.5,13.8,0.0,Light Snow,30.0
3,2016-02-10 17:10:00,2016-02-10 23:59:00,41.040714,-81.61314399999998,0.01,Barberton,OH,19.9,29.89,1.0,10.4,0.0,Light Snow,409.0
3,2016-02-10 18:09:00,2016-02-10 23:59:00,41.083679,-81.579002,1.28,Akron,OH,19.9,29.87,4.0,12.7,0.0,Light Snow,350.0
3,2016-02-10 18:41:44,2016-02-10 19:11:44,40.766891,-82.42411,0.01,Mansfield,OH,16.0,29.97,7.0,11.5,0.0,Overcast,30.0
3,2016-02-11 05:32:29,2016-02-11 06:02:29,41.422199,-81.843018,0.01,Cleveland,OH,14.0,30.14,9.0,11.5,0.0,Light Snow,30.0
3,2016-02-11 05:30:51,2016-02-11 06:00:51,41.063995,-81.57294499999998,0.01,Akron,OH,14.0,30.03,4.0,10.4,0.0,Light Snow,30.0
2,2016-02-11 06:10:07,2016-02-11 06:40:07,39.747753,-84.20558199999998,0.01,Dayton,OH,7.0,30.22,10.0,8.1,0.0,Scattered Clouds,30.0
2,2016-02-11 06:20:28,2016-02-11 06:50:28,38.99408,-84.142021,0.01,Bethel,OH,15.4,30.18,10.0,7.0,0.0,Overcast,30.0
3,2016-02-11 06:29:00,2016-02-11 21:00:00,41.420818,-81.694008,0.01,Cleveland,OH,17.1,30.12,10.0,21.9,0.0,Overcast,871.0
2,2016-02-11 07:17:58,2016-02-11 07:47:58,40.030342,-83.030197,0.01,Columbus,OH,6.1,30.22,10.0,8.1,0.0,Partly Cloudy,30.0
2,2016-02-11 07:18:39,2016-02-11 07:48:39,39.858089,-82.827904,0.01,Canal Winchester,OH,5.0,30.2,10.0,3.5,0.0,Clear,30.0
3,2016-02-11 07:21:55,2016-02-11 07:51:55,41.112324,-81.60992399999998,0.01,Akron,OH,12.0,30.08,2.0,8.1,0.0,Light Snow,30.0
2,2016-02-11 07:28:16,2016-02-11 07:58:16,39.994061,-82.729416,0.01,Pataskala,OH,7.0,30.24,10.0,7.0,0.0,Overcast,30.0
3,2016-02-11 07:29:06,2016-02-11 08:18:10,41.355396,-81.81926700000002,0.01,Cleveland,OH,15.1,30.18,10.0,18.4,0.0,Mostly Cloudy,49.06666666666667
2,2016-02-11 07:53:55,2016-02-11 08:23:55,39.687389,-84.23796800000002,0.0,Dayton,OH,9.0,30.26,9.0,7.0,0.0,Clear,30.0
2,2016-02-11 08:07:02,2016-02-11 08:37:02,39.751038,-84.214325,0.01,Dayton,OH,7.5,30.28,10.0,4.6,0.0,Scattered Clouds,30.0
2,2016-02-11 08:13:24,2016-02-11 08:43:24,39.749916,-84.139359,0.01,Dayton,OH,7.5,30.28,10.0,4.6,0.0,Scattered Clouds,30.0
2,2016-02-11 08:23:17,2016-02-11 08:53:17,39.97509,-82.88460500000002,0.01,Columbus,OH,12.0,30.27,9.0,5.8,0.0,Overcast,30.0
2,2016-02-11 08:34:14,2016-02-11 09:04:14,40.11195,-83.016663,0.48,Columbus,OH,12.0,30.26,10.0,6.9,0.0,Overcast,30.0
3,2016-02-11 08:29:21,2016-02-11 08:59:21,41.424313,-81.57914,0.01,Maple Heights,OH,18.0,30.16,10.0,25.3,0.0,Overcast,30.0
2,2016-02-11 09:16:13,2016-02-11 10:01:13,39.691864,-84.211166,0.0,Dayton,OH,12.0,30.28,10.0,7.0,0.0,Clear,45.0
2,2016-02-11 09:16:13,2016-02-11 10:01:13,39.769173,-84.20728299999998,0.0,Dayton,OH,10.9,30.29,10.0,6.9,0.0,Mostly Cloudy,45.0
2,2016-02-11 09:31:23,2016-02-11 10:01:23,39.75452,-84.159279,0.01,Dayton,OH,13.6,30.32,10.0,3.5,0.0,Overcast,30.0
3,2016-02-11 09:37:31,2016-02-11 10:07:31,39.874947,-83.003937,0.01,Columbus,OH,10.4,30.25,10.0,4.6,0.0,Overcast,30.0
2,2016-02-11 09:46:39,2016-02-11 10:16:39,39.769596,-84.176964,0.01,Dayton,OH,13.6,30.32,10.0,3.5,0.0,Overcast,30.0
2,2016-02-11 10:48:29,2016-02-11 11:18:29,39.776417,-84.23026999999998,0.0,Dayton,OH,18.0,30.32,10.0,10.4,0.0,Mostly Cloudy,30.0
2,2016-02-11 10:53:56,2016-02-11 11:23:56,39.64185,-84.227455,0.0,Dayton,OH,18.0,30.31,10.0,6.9,0.0,Clear,30.0
2,2016-02-11 11:21:42,2016-02-11 11:51:42,39.76028400000001,-84.196434,0.01,Dayton,OH,18.5,30.32,10.0,9.2,0.0,Mostly Cloudy,30.0
2,2016-02-11 12:24:45,2016-02-11 13:09:45,39.802528,-84.220093,0.01,Dayton,OH,19.9,30.32,10.0,9.2,0.0,Mostly Cloudy,45.0
2,2016-02-11 12:24:18,2016-02-11 12:54:18,39.828781,-84.19839499999998,0.01,Dayton,OH,19.9,30.32,10.0,9.2,0.0,Mostly Cloudy,30.0
2,2016-02-11 13:44:46,2016-02-11 14:14:46,39.733337,-84.180359,0.01,Dayton,OH,21.6,30.3,10.0,6.9,0.0,Mostly Cloudy,30.0
2,2016-02-11 14:16:49,2016-02-11 14:46:49,39.759426,-84.138367,0.01,Dayton,OH,21.6,30.3,10.0,6.9,0.0,Mostly Cloudy,30.0
2,2016-02-11 15:34:06,2016-02-11 16:19:06,39.78361500000001,-84.227531,0.0,Dayton,OH,21.0,30.32,10.0,4.6,0.0,Mostly Cloudy,45.0
2,2016-02-11 16:34:27,2016-02-11 17:19:27,39.74004,-84.194923,0.01,Dayton,OH,21.0,30.33,10.0,8.1,0.0,Mostly Cloudy,45.0
3,2016-02-11 17:10:00,2016-02-11 20:00:00,39.735199,-84.204948,0.01,Dayton,OH,21.0,30.33,10.0,8.1,0.0,Mostly Cloudy,170.0
2,2016-02-11 18:27:00,2016-02-11 21:00:00,39.749035,-84.20474200000002,0.01,Dayton,OH,21.0,30.34,10.0,8.1,0.0,Mostly Cloudy,153.0
3,2016-02-11 19:11:00,2016-02-11 21:00:00,39.969223,-82.984131,0.01,Columbus,OH,19.0,30.34,9.0,7.0,0.0,Light Snow,109.0
3,2016-02-11 19:22:00,2016-02-11 21:00:00,39.995369,-82.985085,0.01,Columbus,OH,17.1,30.35,10.0,3.5,0.0,Mostly Cloudy,98.0
3,2016-02-11 20:48:00,2016-02-11 23:54:00,39.744873,-84.205025,0.01,Dayton,OH,17.1,30.35,10.0,7.0,0.0,Scattered Clouds,186.0
2,2016-02-12 16:16:51,2016-02-12 17:01:51,39.749786,-84.199493,0.0,Dayton,OH,26.6,30.04,10.0,16.1,0.0,Light Snow,45.0
2,2016-02-12 16:42:52,2016-02-12 17:27:52,39.780331,-84.195076,0.01,Dayton,OH,25.5,30.11,7.0,16.1,0.0,Light Snow,45.0
3,2016-02-12 17:47:41,2016-02-12 18:52:13,40.109928,-82.97820300000002,1.67,Columbus,OH,23.0,30.03,3.0,12.7,0.0,Light Snow,64.53333333333333
3,2016-02-12 20:04:00,2016-02-12 23:59:00,40.11195,-83.016663,0.94,Columbus,OH,19.0,30.14,5.0,24.2,0.0,Light Snow,235.0
3,2016-02-12 20:12:00,2016-02-12 23:59:00,40.112156,-83.035072,0.94,Columbus,OH,19.0,30.14,5.0,24.2,0.0,Light Snow,227.0
3,2016-02-12 20:41:00,2016-02-12 23:59:00,39.871761,-82.933449,2.79,Columbus,OH,19.9,30.13,10.0,23.0,0.0,Scattered Clouds,198.0
3,2016-02-12 23:48:00,2016-02-13 01:00:00,39.934517,-82.86065699999997,0.01,Columbus,OH,16.0,30.25,10.0,13.8,0.0,Mostly Cloudy,72.0
3,2016-02-13 11:05:00,2016-02-13 11:35:00,40.02404,-82.99479699999998,0.01,Columbus,OH,10.0,30.54,10.0,11.5,0.0,Partly Cloudy,30.0
3,2016-02-13 11:05:21,2016-02-13 12:05:21,41.014015,-81.932777,0.01,Seville,OH,8.1,30.48,10.0,13.8,0.0,Scattered Clouds,60.0
2,2016-02-13 11:17:01,2016-02-13 12:17:01,40.575069,-82.528145,0.01,Bellville,OH,7.0,30.49,10.0,11.5,0.0,Clear,60.0
3,2016-02-13 11:25:42,2016-02-13 11:55:42,39.996578,-84.21680500000002,0.01,Troy,OH,10.9,30.57,10.0,9.2,0.0,Scattered Clouds,30.0
3,2016-02-13 12:56:31,2016-02-13 13:26:31,39.986324,-82.985458,0.01,Columbus,OH,12.9,30.53,10.0,16.1,0.0,Mostly Cloudy,30.0
3,2016-02-13 12:55:47,2016-02-13 13:25:47,40.013062,-82.90213,0.01,Columbus,OH,12.9,30.53,10.0,16.1,0.0,Mostly Cloudy,30.0
3,2016-02-14 10:13:00,2016-02-14 23:59:00,39.981709,-82.98436,0.01,Columbus,OH,10.0,30.52,10.0,5.8,0.0,Scattered Clouds,826.0
3,2016-02-14 10:49:23,2016-02-14 11:19:23,39.953022,-82.99889399999998,0.01,Columbus,OH,12.9,30.5,10.0,10.4,0.0,Scattered Clouds,30.0
3,2016-02-14 10:41:57,2016-02-14 11:11:57,39.973812,-82.983162,0.01,Columbus,OH,12.9,30.5,10.0,10.4,0.0,Scattered Clouds,30.0
3,2016-02-14 18:15:23,2016-02-14 19:30:00,39.978306,-82.852554,0.01,Columbus,OH,15.8,30.24,0.5,10.4,0.0,Snow,74.61666666666666
3,2016-02-14 19:17:01,2016-02-14 20:30:00,39.917412,-83.014236,0.01,Columbus,OH,17.6,30.23,1.0,7.0,0.0,Light Snow,72.98333333333333
2,2016-02-15 04:53:47,2016-02-15 05:23:47,39.469582,-83.712799,0.01,Wilmington,OH,23.0,30.09,2.5,8.1,0.0,Overcast,30.0
2,2016-02-15 05:22:00,2016-02-15 05:52:00,39.63958,-84.234818,0.01,Miamisburg,OH,23.0,29.97,1.5,8.1,0.0,Overcast,30.0
3,2016-02-15 05:42:25,2016-02-15 06:12:25,39.975986,-82.996307,0.71,Columbus,OH,21.9,30.06,5.0,5.8,0.0,Light Freezing Drizzle,30.0
3,2016-02-15 06:36:00,2016-02-15 09:00:00,39.951401,-83.040161,0.01,Columbus,OH,22.8,30.02,3.0,8.1,0.0,Light Snow,144.0
2,2016-02-15 07:02:39,2016-02-15 07:32:39,39.96888,-83.022263,2.04,Columbus,OH,23.0,30.03,3.0,5.8,0.0,Light Freezing Drizzle,30.0
3,2016-02-15 07:17:51,2016-02-15 07:47:51,39.804295,-84.178917,0.01,Dayton,OH,23.0,30.03,0.2,5.8,0.0,Light Freezing Drizzle,30.0
2,2016-02-15 07:15:56,2016-02-15 07:45:56,39.831444,-84.097267,0.0,Dayton,OH,24.1,30.04,1.5,5.8,0.0,Light Snow,30.0
3,2016-02-15 07:07:00,2016-02-15 10:00:00,39.890587,-83.03538499999998,0.01,Grove City,OH,24.8,30.01,1.5,5.8,0.0,Light Snow,173.0
3,2016-02-15 07:23:58,2016-02-15 07:53:58,39.770977,-84.183914,0.01,Dayton,OH,24.8,30.04,1.5,2.3,0.0,Light Freezing Drizzle,30.0
2,2016-02-15 07:28:24,2016-02-15 07:58:24,39.808121,-84.173477,0.01,Dayton,OH,24.1,30.02,0.8,4.6,0.0,Light Freezing Drizzle,30.0
2,2016-02-15 07:37:49,2016-02-15 08:07:49,41.410461,-81.725853,0.0,Cleveland,OH,21.0,30.1,4.0,11.5,0.0,Light Snow,30.0
3,2016-02-15 07:46:58,2016-02-15 08:16:58,39.747753,-84.20558199999998,0.01,Dayton,OH,24.1,30.02,0.8,4.6,0.0,Light Freezing Drizzle,30.0
3,2016-02-15 07:52:29,2016-02-15 08:22:29,39.6395,-84.23136099999998,0.01,Dayton,OH,26.1,30.01,4.0,8.1,0.0,Overcast,30.0
2,2016-02-15 08:00:58,2016-02-15 08:30:58,39.94537,-82.88744399999999,0.01,Columbus,OH,24.1,30.06,1.0,5.8,0.01,Light Freezing Drizzle,30.0
2,2016-02-15 08:11:33,2016-02-15 08:41:33,39.79813,-84.24479699999998,0.01,Dayton,OH,25.0,29.99,0.8,6.9,0.0,Overcast,30.0
2,2016-02-15 08:10:15,2016-02-15 08:40:15,40.081715,-82.89576,0.01,Westerville,OH,24.1,30.06,1.0,5.8,0.01,Light Freezing Drizzle,30.0
2,2016-02-15 08:15:01,2016-02-15 09:04:00,41.111031,-81.550728,0.0,Akron,OH,23.0,30.03,2.0,5.8,0.0,Overcast,48.983333333333334
2,2016-02-15 08:31:47,2016-02-15 09:01:47,40.082016,-82.937119,0.01,Columbus,OH,26.1,30.06,1.0,5.8,0.01,Light Freezing Drizzle,30.0
2,2016-02-15 08:39:04,2016-02-15 09:09:04,39.763363,-84.15535,0.0,Dayton,OH,27.0,30.04,2.5,3.5,0.0,Light Freezing Drizzle,30.0
2,2016-02-15 11:31:02,2016-02-15 12:01:02,39.740063,-84.191833,0.01,Dayton,OH,32.0,29.99,1.5,5.8,0.0,Overcast,30.0
2,2016-02-15 12:30:47,2016-02-15 13:15:47,39.99876,-82.625221,0.01,Pataskala,OH,32.0,29.99,5.0,8.1,0.0,Overcast,45.0
2,2016-02-15 12:34:50,2016-02-15 13:19:50,39.740063,-84.191833,0.01,Dayton,OH,32.0,29.98,4.0,5.8,0.0,Overcast,45.0
2,2016-02-15 12:53:44,2016-02-15 13:23:44,39.99519,-82.86859100000002,0.01,Columbus,OH,30.9,29.99,2.0,8.1,0.0,Mostly Cloudy,30.0
1,2016-02-15 17:22:10,2016-02-15 18:07:10,41.395805,-81.935562,0.0,North Olmsted,OH,33.1,29.95,7.0,5.8,0.0,Overcast,45.0
2,2016-02-15 18:27:18,2016-02-15 19:12:18,39.887058,-82.883263,0.01,Groveport,OH,33.6,29.86,7.0,3.5,0.0,Light Drizzle,45.0
3,2016-02-15 19:37:18,2016-02-15 20:22:18,39.824703,-83.141228,0.01,Orient,OH,32.9,29.86,1.8,7.0,0.0,Overcast,45.0
2,2016-02-15 21:09:25,2016-02-15 21:39:25,40.977516,-82.790749,0.0,Tiro,OH,32.0,29.88,0.5,5.8,0.0,Fog,30.0
3,2016-02-16 04:05:51,2016-02-16 04:35:51,40.11195,-83.016663,0.01,Columbus,OH,32.0,29.71,1.2,8.1,0.04,Light Snow,30.0
3,2016-02-16 04:32:29,2016-02-16 05:02:29,41.150993,-81.631393,0.01,Akron,OH,34.0,29.67,1.2,6.9,0.03,Light Snow,30.0
3,2016-02-16 05:22:24,2016-02-16 05:52:24,39.824703,-83.141228,0.01,Orient,OH,32.2,29.7,3.0,6.9,0.0,Light Snow,30.0
2,2016-02-16 05:37:52,2016-02-16 06:07:52,39.885872,-82.806198,0.0,Canal Winchester,OH,32.0,29.69,2.5,5.8,0.0,Light Snow,30.0
3,2016-02-16 06:05:20,2016-02-16 06:50:20,40.11195,-83.016663,0.01,Columbus,OH,33.1,29.71,5.0,8.1,0.0,Overcast,45.0
3,2016-02-16 06:17:32,2016-02-16 06:47:32,40.09917100000001,-83.134499,0.01,Dublin,OH,33.1,29.71,5.0,8.1,0.0,Overcast,30.0
2,2016-02-16 06:32:55,2016-02-16 07:02:55,40.012829,-83.109131,0.01,Columbus,OH,32.0,29.71,5.0,11.5,0.0,Overcast,30.0
2,2016-02-16 06:29:15,2016-02-16 06:59:15,40.048183,-82.945183,0.01,Columbus,OH,32.0,29.71,2.0,10.4,0.01,Overcast,30.0
2,2016-02-16 06:39:15,2016-02-16 07:09:15,39.77792,-84.246872,0.0,Dayton,OH,30.9,29.78,2.0,10.4,0.0,Overcast,30.0
3,2016-02-16 06:34:11,2016-02-16 07:04:11,39.917412,-83.014236,1.65,Columbus,OH,32.2,29.69,4.0,6.9,0.0,Overcast,30.0
3,2016-02-16 06:47:00,2016-02-16 07:17:00,41.313236,-81.810959,0.01,Strongsville,OH,32.0,29.73,1.8,8.1,0.02,Light Snow,30.0
2,2016-02-16 06:50:07,2016-02-16 07:20:07,39.691998,-84.043655,0.01,Beavercreek,OH,32.0,29.76,3.0,8.1,0.0,Overcast,30.0
2,2016-02-16 06:50:44,2016-02-16 07:20:44,39.852417,-82.93860600000002,0.01,Groveport,OH,32.0,29.7,7.0,8.1,0.0,Overcast,30.0
3,2016-02-16 07:02:31,2016-02-16 07:32:31,39.956909,-83.044914,0.01,Columbus,OH,32.0,29.72,3.0,6.9,0.0,Overcast,30.0
2,2016-02-16 07:10:35,2016-02-16 07:40:35,39.602947,-82.951836,0.01,Circleville,OH,32.0,29.71,7.0,10.4,0.0,Overcast,30.0
2,2016-02-16 07:12:17,2016-02-16 07:42:17,39.89188400000001,-83.087547,0.01,Grove City,OH,32.0,29.72,3.0,6.9,0.0,Overcast,30.0
2,2016-02-16 07:29:07,2016-02-16 07:59:07,39.78508400000001,-84.210564,0.01,Dayton,OH,30.0,29.75,2.0,10.4,0.0,Overcast,30.0
3,2016-02-16 07:52:41,2016-02-16 08:22:41,40.1105,-82.977524,0.01,Columbus,OH,32.0,29.75,3.0,9.2,0.0,Overcast,30.0
2,2016-02-16 07:55:23,2016-02-16 08:25:23,40.757088,-82.50975,0.01,Mansfield,OH,30.0,29.73,5.0,10.4,0.0,Overcast,30.0
3,2016-02-16 07:56:09,2016-02-16 08:26:09,41.063995,-81.57294499999998,0.01,Akron,OH,34.0,29.68,1.8,6.9,0.0,Light Snow,30.0
3,2016-02-16 07:58:47,2016-02-16 08:28:47,40.004749,-82.867638,0.01,Columbus,OH,32.0,29.75,5.0,8.1,0.0,Overcast,30.0
2,2016-02-16 08:13:51,2016-02-16 08:43:51,40.033955,-83.000862,0.01,Columbus,OH,32.0,29.75,3.0,9.2,0.0,Overcast,30.0
2,2016-02-16 08:20:32,2016-02-16 08:50:32,38.929512,-83.495262,1.65,Peebles,OH,30.9,29.76,1.0,9.2,0.0,Overcast,30.0
3,2016-02-16 08:26:30,2016-02-16 08:56:30,39.973419,-83.081558,0.01,Columbus,OH,32.0,29.77,2.5,3.5,0.0,Overcast,30.0
2,2016-02-16 08:36:20,2016-02-16 09:06:20,39.797958,-84.255135,0.01,Dayton,OH,30.0,29.79,1.5,6.9,0.0,Overcast,30.0
3,2016-02-16 08:42:17,2016-02-16 09:12:17,40.057369,-82.903717,0.01,Columbus,OH,32.0,29.78,4.0,8.1,0.0,Overcast,30.0
2,2016-02-16 08:41:46,2016-02-16 09:11:46,39.847927,-82.848274,0.01,Canal Winchester,OH,32.0,29.76,3.0,5.8,0.0,Overcast,30.0
2,2016-02-16 08:57:31,2016-02-16 09:27:31,40.051949,-83.03280600000002,0.01,Columbus,OH,32.0,29.78,2.5,5.8,0.0,Overcast,30.0
2,2016-02-16 10:03:00,2016-02-16 13:00:00,40.051949,-83.03280600000002,0.01,Columbus,OH,33.1,29.77,2.5,10.4,0.0,Overcast,177.0
2,2016-02-16 10:58:52,2016-02-16 11:28:52,39.772823,-84.135612,0.0,Dayton,OH,31.1,29.86,6.0,5.8,0.0,Overcast,30.0
2,2016-02-16 11:12:18,2016-02-16 11:42:18,39.673203,-84.221886,0.01,Dayton,OH,30.9,29.81,6.0,9.2,0.0,Haze,30.0
2,2016-02-16 11:11:35,2016-02-16 11:41:35,39.76244000000001,-84.20506999999998,0.01,Dayton,OH,30.0,29.82,1.8,5.8,0.0,Light Snow,30.0
2,2016-02-16 11:10:17,2016-02-16 11:40:17,39.79166,-84.169342,0.0,Dayton,OH,31.1,29.86,6.0,5.8,0.0,Overcast,30.0
2,2016-02-16 11:11:03,2016-02-16 11:41:03,39.72757,-84.13549,0.0,Dayton,OH,31.1,29.86,6.0,5.8,0.0,Overcast,30.0
3,2016-02-16 11:32:10,2016-02-16 12:02:10,40.09917100000001,-83.134499,0.01,Dublin,OH,32.0,29.78,2.5,11.5,0.0,Overcast,30.0
3,2016-02-16 13:46:09,2016-02-16 14:16:09,38.455898,-81.93562299999998,0.01,Hurricane,WV,35.1,29.81,2.0,9.2,0.0,Overcast,30.0
2,2016-02-16 14:02:11,2016-02-16 14:47:11,39.764778,-84.177193,0.01,Dayton,OH,32.4,29.81,10.0,8.1,0.0,Overcast,45.0
3,2016-02-16 16:47:00,2016-02-16 21:00:00,40.016014,-82.903442,0.01,Columbus,OH,32.0,29.82,7.0,9.2,0.0,Overcast,253.0
2,2016-02-17 05:31:16,2016-02-17 06:01:16,39.686901,-83.911812,0.01,Xenia,OH,30.4,30.08,10.0,3.5,0.0,Overcast,30.0
2,2016-02-17 05:45:55,2016-02-17 06:15:55,39.74403,-84.214638,0.01,Dayton,OH,30.0,30.07,6.0,6.9,0.0,Overcast,30.0
2,2016-02-17 06:27:01,2016-02-17 06:57:01,39.955738,-83.002953,0.01,Columbus,OH,28.4,30.05,7.0,6.9,0.0,Overcast,30.0
2,2016-02-17 06:32:23,2016-02-17 07:02:23,38.98587,-84.052551,0.01,Bethel,OH,30.9,30.07,7.0,3.5,0.0,Overcast,30.0
2,2016-02-17 06:44:13,2016-02-17 07:14:13,41.12336,-81.652626,0.01,Akron,OH,28.0,30.03,7.0,5.8,0.0,Overcast,30.0
3,2016-02-17 07:10:58,2016-02-17 07:40:58,41.403664,-82.13942,0.01,Elyria,OH,28.0,30.03,6.0,6.9,0.0,Overcast,30.0
3,2016-02-17 07:14:08,2016-02-17 07:44:08,39.719009,-84.21461500000002,0.01,Dayton,OH,30.0,30.07,5.0,5.8,0.0,Haze,30.0
3,2016-02-17 07:22:56,2016-02-17 07:52:56,41.063995,-81.57294499999998,0.01,Akron,OH,28.0,30.03,7.0,5.8,0.0,Overcast,30.0
2,2016-02-17 07:29:02,2016-02-17 07:59:02,39.741764,-84.209923,0.0,Dayton,OH,30.0,30.14,3.0,8.1,0.0,Overcast,30.0
3,2016-02-17 07:30:19,2016-02-17 08:00:19,39.933804,-82.78944399999997,0.01,Pickerington,OH,30.0,30.08,7.0,3.5,0.0,Overcast,30.0
2,2016-02-17 07:40:55,2016-02-17 08:10:55,39.673203,-84.221886,0.01,Dayton,OH,30.0,30.12,3.0,4.6,0.0,Overcast,30.0
2,2016-02-17 07:39:25,2016-02-17 08:09:25,38.997852,-84.043739,1.73,Bethel,OH,31.1,30.11,7.0,6.9,0.0,Overcast,30.0
2,2016-02-17 07:43:28,2016-02-17 08:13:28,40.080402,-82.87745699999998,0.01,Westerville,OH,30.2,30.08,5.0,6.9,0.0,Haze,30.0
3,2016-02-17 07:52:09,2016-02-17 08:22:09,41.04023,-81.608711,0.01,Barberton,OH,28.0,30.06,6.0,4.6,0.0,Haze,30.0
2,2016-02-17 08:02:55,2016-02-17 08:32:55,39.749664,-84.201012,0.0,Dayton,OH,30.7,30.14,4.0,5.8,0.0,Overcast,30.0
2,2016-02-17 08:04:44,2016-02-17 08:34:44,39.749916,-84.139359,0.01,Dayton,OH,30.7,30.14,4.0,5.8,0.0,Overcast,30.0
3,2016-02-17 07:49:00,2016-02-17 21:00:00,41.039204,-81.631744,0.01,Barberton,OH,28.4,30.02,6.0,6.9,0.0,Haze,791.0
2,2016-02-17 08:17:11,2016-02-17 08:47:11,40.993484,-82.03600300000002,0.0,Burbank,OH,27.0,30.08,4.0,9.2,0.0,Overcast,30.0
3,2016-02-17 08:28:56,2016-02-17 08:58:56,41.407391,-81.64676700000003,0.01,Independence,OH,30.0,30.05,6.0,10.4,0.0,Light Snow,30.0
2,2016-02-17 08:33:39,2016-02-17 09:03:39,39.732441,-84.224243,0.01,Dayton,OH,30.0,30.18,2.5,8.1,0.0,Overcast,30.0
3,2016-02-17 08:59:18,2016-02-17 09:29:18,39.773193,-84.187454,0.01,Dayton,OH,31.1,30.18,6.0,5.8,0.0,Overcast,30.0
2,2016-02-17 10:00:29,2016-02-17 10:30:29,39.792931,-84.215195,0.01,Dayton,OH,32.0,30.2,4.0,5.8,0.0,Overcast,30.0
3,2016-02-17 10:19:04,2016-02-17 10:49:05,39.948299,-82.047081,0.01,Zanesville,OH,33.1,30.16,5.0,5.8,0.0,Haze,30.016666666666666
2,2016-02-17 10:32:29,2016-02-17 11:02:29,39.67263,-84.216522,0.0,Dayton,OH,32.0,30.18,4.0,5.8,0.0,Haze,30.0
2,2016-02-17 10:22:00,2016-02-17 21:00:00,41.172302,-83.64917,0.01,North Baltimore,OH,33.1,30.14,3.0,12.7,0.0,Haze,638.0
2,2016-02-17 12:57:34,2016-02-17 13:27:34,39.615208,-84.22731800000003,0.01,Miamisburg,OH,35.1,30.23,9.0,3.5,0.0,Overcast,30.0
2,2016-02-17 13:25:09,2016-02-17 14:10:09,39.790604,-84.25140400000002,0.01,Dayton,OH,36.0,30.23,10.0,10.4,0.0,Mostly Cloudy,45.0
2,2016-02-17 17:17:12,2016-02-17 18:02:12,39.968788,-83.003754,0.0,Columbus,OH,35.1,30.26,9.0,12.7,0.0,Overcast,45.0
2,2016-02-18 04:25:02,2016-02-18 04:55:02,39.905334,-82.968689,0.01,Columbus,OH,31.1,30.39,10.0,3.5,0.0,Overcast,30.0
2,2016-02-18 05:46:52,2016-02-18 06:16:52,39.855103,-84.183678,0.01,Dayton,OH,27.0,30.45,7.0,7.0,0.0,Mostly Cloudy,30.0
2,2016-02-18 06:27:59,2016-02-18 06:57:59,41.414131,-81.632141,0.01,Cleveland,OH,19.0,30.52,10.0,5.8,0.0,Clear,30.0
3,2016-02-18 07:00:26,2016-02-18 07:30:26,39.933804,-82.78944399999997,0.01,Pickerington,OH,28.0,30.48,9.0,5.8,0.0,Overcast,30.0
3,2016-02-18 07:47:17,2016-02-18 08:17:17,41.063995,-81.57294499999998,0.01,Akron,OH,3.9,30.49,1.8,7.0,0.0,Clear,30.0
3,2016-02-18 07:51:15,2016-02-18 08:21:15,39.75782,-83.303154,0.01,Mount Sterling,OH,23.0,30.48,7.0,7.0,0.0,Mostly Cloudy,30.0
3,2016-02-18 07:49:43,2016-02-18 08:19:43,41.42181,-81.734482,0.01,Cleveland,OH,12.9,30.58,8.0,3.5,0.0,Clear,30.0
3,2016-02-18 07:55:22,2016-02-18 08:25:22,41.422199,-81.843018,0.01,Cleveland,OH,12.9,30.58,8.0,3.5,0.0,Clear,30.0
3,2016-02-18 07:50:11,2016-02-18 08:20:11,39.819839,-84.189087,0.01,Dayton,OH,26.1,30.5,5.0,7.0,0.0,Haze,30.0
2,2016-02-18 08:01:09,2016-02-18 08:31:09,39.745735,-84.120644,0.01,Dayton,OH,25.9,30.5,10.0,7.0,0.0,Mostly Cloudy,30.0
3,2016-02-18 08:00:26,2016-02-18 08:30:26,40.004749,-82.867638,0.01,Columbus,OH,27.0,30.51,7.0,3.5,0.0,Scattered Clouds,30.0
2,2016-02-18 08:15:01,2016-02-18 08:45:01,39.626396,-84.20768699999998,0.01,Miamisburg,OH,27.0,30.48,5.0,3.5,0.0,Haze,30.0
2,2016-02-18 08:12:56,2016-02-18 08:42:56,39.761005,-84.15855400000002,0.01,Dayton,OH,25.9,30.5,10.0,7.0,0.0,Mostly Cloudy,30.0
2,2016-02-18 08:15:59,2016-02-18 08:45:59,39.765377,-84.155914,0.0,Dayton,OH,25.9,30.5,10.0,7.0,0.0,Mostly Cloudy,30.0
3,2016-02-18 08:20:00,2016-02-18 08:50:00,39.936871,-82.936317,0.01,Columbus,OH,27.0,30.51,7.0,3.5,0.0,Scattered Clouds,30.0
3,2016-02-18 08:22:38,2016-02-18 08:52:38,41.420666,-81.81644399999998,0.01,Cleveland,OH,16.0,30.62,10.0,6.9,0.0,Clear,30.0
2,2016-02-18 08:29:38,2016-02-18 08:59:38,39.607605,-84.15598299999998,0.0,Dayton,OH,28.9,30.5,6.0,7.0,0.0,Haze,30.0
2,2016-02-18 08:37:28,2016-02-18 09:07:28,39.819809,-84.18710300000002,0.0,Dayton,OH,30.9,30.51,5.0,3.5,0.0,Haze,30.0
3,2016-02-18 08:39:27,2016-02-18 09:09:27,41.371895,-81.820786,0.01,Cleveland,OH,16.0,30.62,10.0,6.9,0.0,Clear,30.0
2,2016-02-18 08:48:51,2016-02-18 09:18:51,39.999187,-83.075813,0.01,Columbus,OH,27.0,30.53,8.0,6.9,0.0,Clear,30.0
2,2016-02-18 08:51:29,2016-02-18 09:21:29,39.741695,-84.163101,0.0,Dayton,OH,30.4,30.52,10.0,7.0,0.0,Mostly Cloudy,30.0
3,2016-02-18 09:00:07,2016-02-18 09:30:07,39.917412,-83.014236,0.01,Columbus,OH,26.6,30.5,7.0,7.0,0.0,Clear,30.0
2,2016-02-18 09:03:24,2016-02-18 09:48:24,41.423275,-81.76001,0.01,Cleveland,OH,16.0,30.62,10.0,6.9,0.0,Clear,45.0
3,2016-02-18 09:25:10,2016-02-18 09:55:10,39.993843,-82.985054,0.01,Columbus,OH,30.0,30.53,7.0,6.9,0.0,Mostly Cloudy,30.0
3,2016-02-18 09:22:26,2016-02-18 09:52:26,41.36974,-81.821457,0.01,Cleveland,OH,21.9,30.62,10.0,8.1,0.0,Clear,30.0
3,2016-02-18 09:26:39,2016-02-18 09:56:39,41.420506,-81.816078,0.01,Cleveland,OH,21.9,30.62,10.0,8.1,0.0,Clear,30.0
3,2016-02-18 09:26:00,2016-02-18 09:56:00,41.407391,-81.64676700000003,0.01,Independence,OH,24.1,30.59,10.0,5.8,0.0,Clear,30.0
2,2016-02-18 09:45:05,2016-02-18 10:15:05,39.869961,-84.137642,0.01,Dayton,OH,30.4,30.52,10.0,7.0,0.0,Mostly Cloudy,30.0
3,2016-02-18 10:15:59,2016-02-18 10:45:59,39.75782,-83.303154,0.01,Mount Sterling,OH,32.0,30.51,7.0,5.8,0.0,Scattered Clouds,30.0
3,2016-02-18 11:27:16,2016-02-18 11:57:16,39.84182,-84.18960600000003,0.01,Dayton,OH,39.0,30.53,9.0,8.1,0.0,Mostly Cloudy,30.0
2,2016-02-18 13:44:49,2016-02-18 14:14:49,39.695045,-84.10419499999998,0.0,Beavercreek,OH,37.9,30.47,10.0,9.2,0.0,Clear,30.0
2,2016-02-18 15:31:55,2016-02-18 16:16:55,39.754223,-84.224075,0.01,Dayton,OH,39.9,30.45,10.0,10.4,0.0,Mostly Cloudy,45.0
2,2016-02-18 15:46:33,2016-02-18 16:31:33,39.759544,-84.191811,0.01,Dayton,OH,39.9,30.45,10.0,10.4,0.0,Mostly Cloudy,45.0
2,2016-02-18 15:46:10,2016-02-18 16:31:10,39.755566,-84.180534,0.01,Dayton,OH,39.9,30.45,10.0,10.4,0.0,Mostly Cloudy,45.0
3,2016-02-18 16:40:55,2016-02-18 17:10:55,39.960938,-84.189583,0.01,Tipp City,OH,37.9,30.41,10.0,18.4,0.0,Overcast,30.0
2,2016-02-18 16:43:30,2016-02-18 17:13:30,39.609039,-84.155869,0.0,Dayton,OH,37.9,30.41,10.0,16.1,0.0,Clear,30.0
3,2016-02-18 17:16:50,2016-02-18 17:46:50,39.953472,-82.960274,0.01,Columbus,OH,35.1,30.47,9.0,6.9,0.0,Overcast,30.0
2,2016-02-18 17:24:32,2016-02-18 18:09:32,40.106297,-83.036079,0.01,Columbus,OH,36.0,30.43,10.0,10.4,0.0,Clear,45.0
2,2016-02-19 04:22:53,2016-02-19 04:52:53,39.812687,-84.22734799999998,0.01,Dayton,OH,39.9,30.13,10.0,18.4,0.0,Overcast,30.0
2,2016-02-19 04:23:43,2016-02-19 04:53:43,39.724258,-84.213142,0.01,Moraine,OH,39.9,30.12,10.0,11.5,0.0,Clear,30.0
2,2016-02-19 05:00:42,2016-02-19 05:30:42,39.929554,-82.995773,0.01,Columbus,OH,35.4,30.18,10.0,9.2,0.0,Clear,30.0
3,2016-02-19 05:24:23,2016-02-19 05:54:23,39.976398,-83.119225,0.01,Columbus,OH,34.9,30.16,10.0,10.4,0.0,Clear,30.0
2,2016-02-19 06:08:10,2016-02-19 06:53:10,39.915928,-82.98246800000003,0.01,Columbus,OH,35.4,30.15,10.0,6.9,0.0,Clear,45.0
2,2016-02-19 06:33:33,2016-02-19 07:03:33,39.009884,-84.173073,0.01,Batavia,OH,43.5,30.11,10.0,12.7,0.0,Clear,30.0
2,2016-02-19 06:36:02,2016-02-19 07:06:02,39.737701,-84.134987,0.0,Dayton,OH,41.0,30.1,10.0,10.4,0.0,Clear,30.0
2,2016-02-19 07:06:51,2016-02-19 07:36:51,39.974285,-82.961174,0.0,Columbus,OH,36.0,30.16,10.0,12.7,0.0,Mostly Cloudy,30.0
2,2016-02-19 07:23:09,2016-02-19 07:53:09,40.152611,-82.686996,0.01,Johnstown,OH,37.0,30.15,10.0,12.7,0.0,Overcast,30.0
2,2016-02-19 07:39:56,2016-02-19 08:09:56,39.786629,-84.18869000000002,0.01,Dayton,OH,42.8,30.08,10.0,10.4,0.0,Mostly Cloudy,30.0
2,2016-02-19 07:38:00,2016-02-19 08:08:00,40.016937,-83.156601,0.01,Hilliard,OH,37.0,30.12,10.0,11.5,0.0,Clear,30.0
2,2016-02-19 07:51:29,2016-02-19 08:21:29,40.003746,-83.15389300000002,0.01,Hilliard,OH,37.0,30.12,10.0,11.5,0.0,Clear,30.0
3,2016-02-19 07:52:38,2016-02-19 08:22:38,39.736061,-84.093002,0.01,Dayton,OH,42.8,30.08,10.0,10.4,0.0,Mostly Cloudy,30.0
2,2016-02-19 08:05:52,2016-02-19 08:35:52,41.375961,-83.647453,0.0,Bowling Green,OH,43.0,29.98,10.0,19.6,0.0,Clear,30.0
3,2016-02-19 08:18:42,2016-02-19 08:48:42,39.953648,-82.960373,0.01,Columbus,OH,37.0,30.15,10.0,12.7,0.0,Overcast,30.0
2,2016-02-19 08:28:12,2016-02-19 08:58:12,39.767757,-84.231712,0.0,Dayton,OH,47.7,30.06,10.0,17.3,0.0,Overcast,30.0
2,2016-02-19 08:32:47,2016-02-19 09:02:47,39.800312,-84.218811,0.0,Dayton,OH,48.0,30.03,10.0,27.6,0.0,Overcast,30.0
2,2016-02-19 08:58:38,2016-02-19 09:28:38,39.754055,-84.17588,0.01,Dayton,OH,47.7,30.06,10.0,17.3,0.0,Overcast,30.0
2,2016-02-19 10:24:05,2016-02-19 10:54:05,39.712257,-84.201782,0.0,Dayton,OH,49.6,30.03,10.0,23.0,0.0,Overcast,30.0
2,2016-02-19 11:23:40,2016-02-19 11:53:40,39.759201,-84.149101,0.0,Dayton,OH,53.8,29.97,10.0,25.3,0.0,Mostly Cloudy,30.0
2,2016-02-19 11:45:16,2016-02-19 12:15:16,39.759472,-84.243698,0.0,Dayton,OH,57.0,29.91,10.0,27.6,0.0,Scattered Clouds,30.0
2,2016-02-19 11:37:32,2016-02-19 12:07:32,39.797668,-84.217506,0.01,Dayton,OH,57.0,29.91,10.0,27.6,0.0,Scattered Clouds,30.0
2,2016-02-19 11:29:02,2016-02-19 12:14:14,39.763664,-84.193298,0.01,Dayton,OH,59.4,29.93,10.0,29.9,0.0,Clear,45.2
2,2016-02-19 11:38:14,2016-02-19 12:08:14,39.758121,-84.191414,0.01,Dayton,OH,59.4,29.93,10.0,29.9,0.0,Clear,30.0
3,2016-02-19 11:27:47,2016-02-19 12:14:05,40.266499,-82.927544,0.01,Galena,OH,46.4,29.95,10.0,18.4,0.0,Clear,46.3
2,2016-02-19 15:12:04,2016-02-19 15:42:04,40.099384,-83.155396,0.01,Dublin,OH,57.0,29.81,10.0,21.9,0.0,Overcast,30.0
2,2016-02-19 15:15:38,2016-02-19 15:45:38,39.981926,-83.046265,0.01,Columbus,OH,57.0,29.81,10.0,21.9,0.0,Overcast,30.0
2,2016-02-19 15:30:32,2016-02-19 16:15:32,39.786633,-84.170837,0.01,Dayton,OH,65.1,29.79,10.0,24.2,0.0,Clear,45.0
2,2016-02-19 16:16:51,2016-02-19 17:01:51,39.765259,-84.13780200000002,0.01,Dayton,OH,65.1,29.79,10.0,24.2,0.0,Clear,45.0
3,2016-02-19 17:41:00,2016-02-19 21:00:00,40.10564,-82.949692,1.28,Columbus,OH,57.0,29.82,10.0,15.0,0.0,Clear,199.0
2,2016-02-22 05:20:31,2016-02-22 05:50:31,39.762531,-84.1427,0.01,Dayton,OH,29.5,30.14,10.0,5.8,0.0,Clear,30.0
2,2016-02-22 06:11:53,2016-02-22 06:41:53,41.428753,-83.61036700000002,0.0,Bowling Green,OH,28.0,30.21,10.0,5.8,0.0,Clear,30.0
2,2016-02-22 06:54:32,2016-02-22 07:24:32,39.985336,-82.78984100000002,0.01,Reynoldsburg,OH,30.9,30.16,10.0,3.5,0.0,Partly Cloudy,30.0
2,2016-02-22 07:09:58,2016-02-22 07:39:58,39.955517,-82.87687700000002,0.01,Columbus,OH,30.9,30.16,10.0,3.5,0.0,Partly Cloudy,30.0
2,2016-02-22 07:14:44,2016-02-22 07:44:44,39.858089,-82.827904,0.01,Canal Winchester,OH,32.0,30.15,10.0,5.8,0.0,Overcast,30.0
2,2016-02-22 07:26:02,2016-02-22 07:56:02,39.763615,-84.142586,0.0,Dayton,OH,28.4,30.17,10.0,2.3,0.0,Shallow Fog,30.0
3,2016-02-22 07:24:22,2016-02-22 07:54:22,39.933804,-82.78944399999997,0.01,Pickerington,OH,33.1,30.17,10.0,6.9,0.0,Overcast,30.0
2,2016-02-22 07:37:59,2016-02-22 08:07:59,40.136345,-83.00573,0.01,Columbus,OH,28.9,30.18,10.0,3.5,0.0,Clear,30.0
2,2016-02-22 07:52:06,2016-02-22 08:22:06,39.76516,-84.157234,0.01,Dayton,OH,27.9,30.18,10.0,3.5,0.0,Clear,30.0
2,2016-02-22 07:51:22,2016-02-22 08:21:22,39.772438,-84.14218100000002,0.0,Dayton,OH,27.9,30.18,10.0,3.5,0.0,Clear,30.0
2,2016-02-22 08:04:43,2016-02-22 08:34:43,39.981968,-83.008698,0.0,Columbus,OH,32.0,30.17,10.0,7.0,0.0,Partly Cloudy,30.0
2,2016-02-22 08:13:51,2016-02-22 08:43:51,39.232101,-84.16014100000002,0.01,Goshen,OH,32.5,30.14,10.0,4.6,0.0,Clear,30.0
3,2016-02-22 08:19:52,2016-02-22 08:49:52,40.061661,-82.99807,0.01,Columbus,OH,28.9,30.18,10.0,3.5,0.0,Clear,30.0
3,2016-02-22 08:41:13,2016-02-22 09:11:13,40.082397,-82.906921,0.01,Westerville,OH,35.1,30.17,10.0,5.8,0.0,Scattered Clouds,30.0
2,2016-02-22 08:54:16,2016-02-22 09:24:16,39.317173,-84.220894,0.01,Maineville,OH,36.0,30.17,10.0,3.5,0.0,Clear,30.0
2,2016-02-22 09:06:02,2016-02-22 09:36:02,39.690781,-84.205147,0.0,Dayton,OH,34.0,30.16,10.0,9.2,0.0,Clear,30.0
2,2016-02-22 09:06:53,2016-02-22 09:36:53,39.803726,-84.18514300000002,0.0,Dayton,OH,33.1,30.18,10.0,6.9,0.0,Scattered Clouds,30.0
2,2016-02-22 09:36:13,2016-02-22 10:21:13,39.838779,-84.25831600000002,0.01,Dayton,OH,36.0,30.18,10.0,8.1,0.0,Scattered Clouds,45.0
2,2016-02-22 09:37:13,2016-02-22 10:22:13,39.76144,-84.167038,0.0,Dayton,OH,37.0,30.18,10.0,5.8,0.0,Clear,45.0
2,2016-02-22 10:03:03,2016-02-22 10:33:03,39.740906,-84.182121,0.01,Dayton,OH,37.0,30.18,10.0,5.8,0.0,Clear,30.0
2,2016-02-22 10:09:01,2016-02-22 10:39:01,39.81963,-84.198273,0.01,Dayton,OH,36.0,30.18,10.0,8.1,0.0,Scattered Clouds,30.0
2,2016-02-22 10:27:46,2016-02-22 10:57:46,39.79969000000001,-84.186996,0.0,Dayton,OH,41.0,30.17,10.0,11.5,0.0,Mostly Cloudy,30.0
2,2016-02-22 11:17:40,2016-02-22 11:47:40,39.72364,-84.1418,0.01,Dayton,OH,42.8,30.13,10.0,8.1,0.0,Scattered Clouds,30.0
2,2016-02-22 11:21:55,2016-02-22 11:51:55,39.754055,-84.13889300000002,0.01,Dayton,OH,42.8,30.13,10.0,8.1,0.0,Scattered Clouds,30.0
2,2016-02-22 11:40:35,2016-02-22 12:10:35,39.831997,-84.223694,0.01,Dayton,OH,43.0,30.16,10.0,6.9,0.0,Mostly Cloudy,30.0
2,2016-02-22 14:21:00,2016-02-22 15:30:00,41.403744,-82.282776,0.01,Vermilion,OH,41.0,30.18,10.0,11.5,0.0,Mostly Cloudy,69.0
2,2016-02-22 15:34:53,2016-02-22 16:19:53,39.754055,-84.17588,0.01,Dayton,OH,48.7,30.1,10.0,6.9,0.0,Clear,45.0
2,2016-02-22 16:57:30,2016-02-22 17:57:30,39.630444,-84.19626600000002,0.0,Dayton,OH,48.0,30.06,10.0,5.8,0.0,Clear,60.0
2,2016-02-22 16:57:56,2016-02-22 17:57:56,39.801601,-84.194542,0.01,Dayton,OH,46.9,30.09,10.0,9.2,0.0,Scattered Clouds,60.0
2,2016-02-22 16:58:37,2016-02-22 17:43:37,39.752647,-84.189774,0.01,Dayton,OH,47.5,30.09,10.0,11.5,0.0,Clear,45.0
3,2016-02-23 06:53:21,2016-02-23 07:23:21,39.933804,-82.78944399999997,0.01,Pickerington,OH,30.9,30.07,10.0,3.5,0.0,Mostly Cloudy,30.0
2,2016-02-23 07:02:00,2016-02-23 07:32:00,39.571163,-84.202606,0.0,Springboro,OH,30.0,30.02,10.0,10.4,0.0,Clear,30.0
2,2016-02-23 07:15:48,2016-02-23 07:45:48,39.17505300000001,-84.236313,0.01,Milford,OH,31.8,30.0,10.0,3.5,0.0,Clear,30.0
2,2016-02-23 07:14:21,2016-02-23 07:44:21,39.977322,-83.02109499999997,0.01,Columbus,OH,28.9,30.07,10.0,6.9,0.0,Clear,30.0
2,2016-02-23 07:57:48,2016-02-23 08:27:48,39.175728,-84.180763,0.01,Milford,OH,32.0,29.98,10.0,5.8,0.0,Clear,30.0
2,2016-02-23 07:54:29,2016-02-23 08:24:29,39.68865200000001,-84.127998,0.01,Dayton,OH,30.9,30.01,10.0,10.4,0.0,Clear,30.0
2,2016-02-23 08:17:30,2016-02-23 08:47:30,39.628288,-84.226151,0.01,Miamisburg,OH,30.9,30.01,10.0,10.4,0.0,Clear,30.0
3,2016-02-23 08:21:42,2016-02-23 08:51:42,39.96764,-83.06081400000002,0.01,Columbus,OH,33.8,30.01,10.0,8.1,0.0,Clear,30.0
2,2016-02-23 08:48:52,2016-02-23 09:18:52,39.797958,-84.255135,0.01,Dayton,OH,35.1,30.09,10.0,9.2,0.0,Partly Cloudy,30.0
2,2016-02-23 09:46:46,2016-02-23 10:16:46,39.783669,-84.155045,0.01,Dayton,OH,38.3,30.08,10.0,11.5,0.0,Clear,30.0
2,2016-02-23 09:48:43,2016-02-23 10:18:43,39.989044,-83.049088,0.01,Columbus,OH,39.9,30.09,10.0,8.1,0.0,Clear,30.0
2,2016-02-23 09:54:16,2016-02-23 10:24:16,39.819721,-84.191528,0.01,Dayton,OH,39.0,30.08,10.0,15.0,0.0,Scattered Clouds,30.0
2,2016-02-23 11:41:00,2016-02-23 12:11:00,39.783089,-84.188911,0.01,Dayton,OH,48.4,30.04,10.0,8.1,0.0,Clear,30.0
2,2016-02-23 13:34:22,2016-02-23 14:19:22,39.590527,-84.17076899999998,0.01,Dayton,OH,54.0,29.95,10.0,11.5,0.0,Clear,45.0
3,2016-02-23 16:30:45,2016-02-23 17:15:45,41.40274,-81.817856,0.01,Brookpark,OH,36.0,30.07,10.0,15.0,0.0,Mostly Cloudy,45.0
3,2016-02-23 17:28:00,2016-02-23 23:59:00,40.039909,-82.99683399999998,0.01,Columbus,OH,53.1,29.92,10.0,8.1,0.0,Overcast,391.0
3,2016-02-23 17:43:00,2016-02-23 23:59:00,39.972336,-82.983917,0.01,Columbus,OH,53.1,29.92,10.0,8.1,0.0,Overcast,376.0
3,2016-02-23 18:20:00,2016-02-23 23:32:00,40.00164,-82.923073,0.01,Columbus,OH,53.1,29.92,10.0,8.1,0.0,Overcast,312.0
3,2016-02-23 19:07:18,2016-02-23 19:52:18,39.902088,-82.898178,0.01,Columbus,OH,50.0,29.88,10.0,8.1,0.0,Overcast,45.0
3,2016-02-23 22:13:48,2016-02-23 22:43:48,39.833824,-83.100853,0.01,Grove City,OH,44.6,29.84,10.0,9.2,0.0,Scattered Clouds,30.0
2,2016-02-24 05:14:38,2016-02-24 05:44:38,39.713467,-84.216095,0.01,Moraine,OH,41.0,29.43,4.0,20.7,0.0,Light Rain,30.0
2,2016-02-24 05:28:28,2016-02-24 05:58:28,39.640202,-84.235283,0.01,Dayton,OH,42.1,29.4,3.0,17.3,0.06,Rain,30.0
3,2016-02-24 05:27:51,2016-02-24 05:57:51,39.733723,-84.204971,0.01,Dayton,OH,37.9,29.46,2.5,21.9,0.18,Heavy Rain,30.0
3,2016-02-24 06:14:24,2016-02-24 06:44:24,41.351006,-83.622826,0.01,Bowling Green,OH,33.1,29.72,3.0,15.0,0.05,Light Freezing Rain,30.0
3,2016-02-24 06:24:28,2016-02-24 06:54:28,39.845287,-83.993217,0.01,Fairborn,OH,39.2,29.45,6.0,18.4,0.16,Light Rain,30.0
2,2016-02-24 06:25:17,2016-02-24 06:55:17,39.607788,-84.228088,0.01,Miamisburg,OH,42.1,29.37,4.0,13.8,0.09,Rain,30.0
2,2016-02-24 06:31:22,2016-02-24 07:01:22,39.873238,-84.13720699999998,0.01,Dayton,OH,40.6,29.4,9.0,9.2,0.1,Rain,30.0
2,2016-02-24 06:37:39,2016-02-24 07:07:39,40.058132,-82.922752,0.01,Columbus,OH,42.8,29.47,9.0,8.1,0.05,Light Rain,30.0
3,2016-02-24 06:50:19,2016-02-24 07:20:19,41.420975,-81.689758,0.01,Cleveland,OH,33.8,29.66,2.5,15.0,0.11,Rain,30.0
3,2016-02-24 06:53:32,2016-02-24 07:23:32,39.788414,-84.183693,0.94,Dayton,OH,40.6,29.4,9.0,9.2,0.1,Rain,30.0
2,2016-02-24 07:05:21,2016-02-24 07:35:21,39.836643,-84.060753,0.01,Dayton,OH,40.6,29.4,9.0,9.2,0.1,Rain,30.0
2,2016-02-24 07:09:31,2016-02-24 07:39:31,41.039829,-81.662872,0.01,Barberton,OH,39.9,29.59,4.0,12.7,0.22,Rain,30.0
2,2016-02-24 07:18:41,2016-02-24 08:03:41,38.581139,-82.00456199999998,0.01,Fraziers Bottom,WV,49.0,28.62,10.0,10.0,0.0,Cloudy,45.0
2,2016-02-24 07:24:28,2016-02-24 07:54:28,39.754055,-84.17588,0.01,Dayton,OH,40.6,29.4,9.0,9.2,0.1,Rain,30.0
2,2016-02-24 07:23:08,2016-02-24 07:53:08,39.929844,-83.116486,0.01,Columbus,OH,42.8,29.42,5.0,9.2,0.0,Light Rain,30.0
2,2016-02-24 07:27:16,2016-02-24 07:57:16,39.962147,-83.092667,0.01,Columbus,OH,42.8,29.42,5.0,9.2,0.0,Light Rain,30.0
2,2016-02-24 07:29:39,2016-02-24 07:59:39,39.697266,-84.218781,0.01,Moraine,OH,44.1,29.32,5.0,16.1,0.04,Rain,30.0
2,2016-02-24 07:26:01,2016-02-24 07:56:01,40.993092,-81.662689,0.01,Barberton,OH,39.9,29.55,4.0,12.7,0.16,Rain,30.0
3,2016-02-24 07:43:10,2016-02-24 08:13:10,39.845287,-83.993217,0.01,Fairborn,OH,41.0,29.37,3.0,15.0,0.08,Rain,30.0
3,2016-02-24 07:39:13,2016-02-24 08:09:13,41.041447,-81.565163,0.01,Akron,OH,39.9,29.55,4.0,12.7,0.16,Rain,30.0
3,2016-02-24 07:52:43,2016-02-24 08:22:43,41.407391,-81.64676700000003,0.01,Independence,OH,35.1,29.6,2.0,18.4,0.19,Rain,30.0
3,2016-02-24 07:51:38,2016-02-24 08:21:38,41.037266,-81.583786,0.01,Barberton,OH,39.9,29.55,4.0,12.7,0.16,Rain,30.0
2,2016-02-24 08:02:29,2016-02-24 08:32:29,39.59872100000001,-84.161491,0.01,Dayton,OH,44.1,29.31,1.8,15.0,0.02,Heavy Rain,30.0
1,2016-02-24 07:59:51,2016-02-24 08:29:51,40.018669,-81.565704,0.0,Cambridge,OH,46.0,29.46,7.0,11.5,0.08,Light Rain,30.0
2,2016-02-24 08:04:57,2016-02-24 08:34:57,39.724251,-84.21315799999998,0.01,Moraine,OH,44.1,29.31,1.8,15.0,0.02,Heavy Rain,30.0
2,2016-02-24 08:05:22,2016-02-24 08:35:22,39.758556,-84.177246,0.01,Dayton,OH,41.0,29.37,3.0,15.0,0.08,Rain,30.0
2,2016-02-24 08:17:26,2016-02-24 08:47:26,39.790565,-84.25914,0.01,Dayton,OH,39.0,29.33,1.8,15.0,0.05,Rain,30.0
2,2016-02-24 08:11:43,2016-02-24 08:41:43,39.753105,-84.15158100000002,0.01,Dayton,OH,41.0,29.37,3.0,15.0,0.08,Rain,30.0
2,2016-02-24 08:16:26,2016-02-24 08:46:26,40.301411,-83.06575,0.01,Delaware,OH,41.0,29.42,7.0,11.5,0.0,Drizzle,30.0
2,2016-02-24 08:24:30,2016-02-24 08:54:30,39.732567,-84.15900400000002,0.01,Dayton,OH,45.0,29.29,2.0,16.1,0.06,Light Rain,30.0
2,2016-02-24 08:56:20,2016-02-24 09:26:20,39.800358,-82.708252,0.01,Carroll,OH,48.0,29.37,10.0,9.2,0.02,Overcast,30.0
3,2016-02-24 11:13:09,2016-02-24 11:43:09,41.351006,-83.622826,0.01,Bowling Green,OH,35.1,29.45,1.5,13.8,0.02,Light Rain,30.0
2,2016-02-24 11:26:27,2016-02-24 11:56:27,39.790565,-84.25914,0.01,Dayton,OH,44.1,29.24,8.0,9.2,0.01,Overcast,30.0
2,2016-02-24 11:25:37,2016-02-24 11:55:37,39.753105,-84.15158100000002,0.01,Dayton,OH,50.0,29.22,10.0,9.2,0.0,Overcast,30.0
3,2016-02-24 17:11:00,2016-02-24 21:00:00,40.11195,-83.016663,0.94,Columbus,OH,52.0,29.17,10.0,18.4,0.05,Overcast,229.0
2,2016-02-25 06:04:05,2016-02-25 06:34:05,38.892097,-84.208702,0.0,Moscow,OH,33.8,29.62,10.0,15.0,0.0,Overcast,30.0
2,2016-02-25 06:37:34,2016-02-25 07:07:34,39.981602,-82.885704,0.0,Columbus,OH,30.2,29.51,3.0,12.7,0.01,Light Snow,30.0
2,2016-02-25 07:53:04,2016-02-25 08:23:04,41.337879,-82.216049,0.01,Oberlin,OH,30.9,29.45,0.5,23.0,0.01,Snow,30.0
2,2016-02-25 07:59:25,2016-02-25 08:29:25,39.747112,-84.163826,0.01,Dayton,OH,33.4,29.65,7.0,12.7,0.01,Light Snow,30.0
3,2016-02-25 08:04:17,2016-02-25 08:34:17,40.087536,-82.98741899999997,0.01,Columbus,OH,32.0,29.56,9.0,15.0,0.0,Overcast,30.0
2,2016-02-25 09:26:59,2016-02-25 09:56:59,39.782368,-84.203339,0.01,Dayton,OH,33.1,29.69,4.0,18.4,0.0,Light Snow,30.0
3,2016-02-25 09:46:34,2016-02-25 10:16:34,39.87857800000001,-83.049774,0.01,Grove City,OH,33.8,29.64,7.0,13.8,0.0,Overcast,30.0
2,2016-02-25 10:06:10,2016-02-25 10:36:10,39.669388,-84.22225999999998,0.01,Dayton,OH,33.1,29.73,4.0,11.5,0.0,Light Snow,30.0
2,2016-02-25 12:55:59,2016-02-25 13:25:59,39.626953,-84.212288,0.01,Miamisburg,OH,35.1,29.79,2.5,18.4,0.0,Light Snow,30.0
2,2016-02-25 16:12:50,2016-02-25 16:42:50,39.812687,-84.22734799999998,0.01,Dayton,OH,33.1,29.89,5.0,20.7,0.0,Light Snow,30.0
2,2016-02-25 16:17:05,2016-02-25 17:02:05,39.819839,-84.189087,0.01,Dayton,OH,33.1,29.89,5.0,20.7,0.0,Light Snow,45.0
2,2016-02-26 15:45:44,2016-02-26 16:15:44,39.953262,-83.01795200000002,0.01,Columbus,OH,32.0,30.23,10.0,8.1,0.0,Overcast,30.0
2,2016-02-26 15:53:46,2016-02-26 16:38:46,39.739319,-84.157219,0.01,Dayton,OH,34.3,30.25,10.0,9.2,0.0,Overcast,45.0
3,2016-02-26 16:15:10,2016-02-26 16:45:10,39.91468,-83.01690699999997,0.01,Columbus,OH,32.0,30.21,10.0,9.2,0.0,Overcast,30.0
3,2016-02-26 16:21:21,2016-02-26 16:51:21,41.037647,-81.584183,0.01,Barberton,OH,28.9,30.21,5.0,11.5,0.0,Light Snow,30.0
2,2016-02-26 16:51:27,2016-02-26 17:36:27,39.798611,-84.207466,0.01,Dayton,OH,33.1,30.24,10.0,10.4,0.0,Overcast,45.0
3,2016-02-27 19:34:51,2016-02-27 20:25:36,40.083206,-82.90679899999998,0.01,Westerville,OH,42.1,30.04,10.0,6.9,0.0,Scattered Clouds,50.75
2,2016-02-28 12:58:44,2016-02-28 13:28:44,39.749916,-84.139359,0.01,Dayton,OH,63.1,29.81,10.0,26.5,0.0,Clear,30.0
2,2016-02-28 18:09:32,2016-02-28 18:39:32,39.752735,-84.145386,0.01,Dayton,OH,62.8,29.67,10.0,23.0,0.0,Clear,30.0
2,2016-02-29 04:45:27,2016-02-29 05:15:27,39.689022,-84.220665,0.01,Dayton,OH,41.0,29.83,6.0,15.0,0.0,Haze,30.0
2,2016-02-29 06:02:33,2016-02-29 06:32:33,39.778011,-84.20049300000002,0.01,Dayton,OH,37.0,29.89,8.0,17.3,0.0,Overcast,30.0
2,2016-02-29 06:22:42,2016-02-29 06:52:42,41.399147,-81.565674,0.0,Maple Heights,OH,36.0,29.74,10.0,21.9,0.0,Overcast,30.0
3,2016-02-29 07:14:41,2016-02-29 07:44:41,39.59670300000001,-84.238388,0.01,Miamisburg,OH,39.0,29.91,10.0,13.8,0.0,Overcast,30.0
3,2016-02-29 07:50:29,2016-02-29 08:20:29,39.973015,-83.014801,0.01,Columbus,OH,37.9,29.9,10.0,13.8,0.0,Overcast,30.0
2,2016-02-29 08:11:30,2016-02-29 08:41:30,39.777355,-84.19957,0.0,Dayton,OH,37.9,29.95,10.0,12.7,0.0,Overcast,30.0
2,2016-02-29 09:16:59,2016-02-29 09:46:59,41.139114,-81.597305,0.01,Akron,OH,37.0,29.86,10.0,15.0,0.0,Overcast,30.0
2,2016-02-29 09:26:13,2016-02-29 09:56:13,39.64724,-84.224319,0.01,Dayton,OH,39.0,30.01,4.0,9.2,0.0,Haze,30.0
2,2016-02-29 09:31:35,2016-02-29 10:01:36,39.745487,-84.16544300000002,0.0,Dayton,OH,39.2,29.98,10.0,11.5,0.0,Overcast,30.016666666666666
2,2016-02-29 10:25:52,2016-02-29 10:55:52,39.732552,-84.12197900000002,0.0,Dayton,OH,39.2,30.0,10.0,15.0,0.0,Overcast,30.0
2,2016-02-29 11:32:19,2016-02-29 12:17:48,39.778011,-84.20049300000002,0.0,Dayton,OH,42.1,30.04,10.0,18.4,0.0,Mostly Cloudy,45.483333333333334
3,2016-02-29 12:51:44,2016-02-29 13:21:44,40.002552,-83.11835500000002,0.01,Columbus,OH,44.6,30.01,10.0,17.3,0.0,Scattered Clouds,30.0
2,2016-02-29 16:14:24,2016-02-29 16:59:24,39.780014,-84.162888,0.01,Dayton,OH,54.1,29.99,10.0,15.0,0.0,Clear,45.0
2,2016-02-29 18:11:15,2016-02-29 18:41:15,39.643101,-84.209923,0.01,Dayton,OH,53.1,29.99,10.0,11.5,0.0,Clear,30.0
2,2016-02-29 18:10:30,2016-02-29 18:40:30,39.767769,-84.17716999999998,0.01,Dayton,OH,52.5,30.0,10.0,13.8,0.0,Clear,30.0
2,2016-02-29 18:18:37,2016-02-29 18:48:37,39.812687,-84.22734799999998,0.01,Dayton,OH,50.0,30.0,10.0,11.5,0.0,Scattered Clouds,30.0
3,2016-02-29 18:42:00,2016-02-29 21:00:00,39.986324,-82.985458,0.01,Columbus,OH,48.9,30.0,10.0,9.2,0.0,Scattered Clouds,138.0
3,2016-02-29 19:32:00,2016-02-29 23:59:00,40.109913,-84.223648,0.01,Piqua,OH,44.6,29.98,10.0,5.8,0.0,Scattered Clouds,267.0
2,2016-02-29 19:52:11,2016-02-29 20:22:11,39.83847,-84.246307,0.01,Dayton,OH,46.0,30.02,10.0,10.4,0.0,Partly Cloudy,30.0
2,2016-02-29 20:30:39,2016-02-29 21:00:39,39.627991,-84.17021899999997,0.0,Dayton,OH,45.0,30.02,10.0,4.6,0.0,Clear,30.0
2,2016-03-01 05:05:42,2016-03-01 05:35:42,39.945835,-83.061295,0.0,Columbus,OH,34.0,29.94,10.0,3.5,0.0,Clear,30.0
2,2016-03-01 06:14:44,2016-03-01 06:44:44,39.591389,-84.229485,0.01,Miamisburg,OH,37.9,29.92,10.0,8.1,0.0,Clear,30.0
2,2016-03-01 07:30:18,2016-03-01 08:00:18,39.790302,-84.21390500000003,0.01,Dayton,OH,37.0,29.9,10.0,9.2,0.0,Mostly Cloudy,30.0
2,2016-03-01 07:31:53,2016-03-01 08:01:53,39.927441,-83.056198,0.01,Columbus,OH,35.6,29.94,10.0,3.5,0.0,Clear,30.0
2,2016-03-01 07:46:03,2016-03-01 08:16:03,39.946892,-82.91548900000002,0.01,Columbus,OH,37.0,29.95,10.0,4.6,0.0,Mostly Cloudy,30.0
3,2016-03-01 08:16:30,2016-03-01 08:46:30,40.002552,-83.11835500000002,0.01,Columbus,OH,33.8,29.92,10.0,3.5,0.0,Clear,30.0
2,2016-03-01 10:06:47,2016-03-01 10:36:47,39.79031,-84.029114,0.01,Fairborn,OH,46.6,29.82,10.0,6.9,0.0,Clear,30.0
2,2016-03-01 10:19:48,2016-03-01 10:49:48,39.087887,-84.236076,0.01,Batavia,OH,54.1,29.8,10.0,6.9,0.0,Mostly Cloudy,30.0
2,2016-03-01 10:41:37,2016-03-01 11:11:37,39.188583,-84.258705,0.01,Milford,OH,54.3,29.81,10.0,13.8,0.0,Overcast,30.0
2,2016-03-01 11:12:57,2016-03-01 11:42:57,39.012833,-83.797585,0.01,Sardinia,OH,53.6,29.76,10.0,6.9,0.0,Overcast,30.0
3,2016-03-01 11:56:36,2016-03-01 12:26:36,40.151196,-84.22003199999997,7.07,Piqua,OH,42.8,29.72,4.0,9.2,0.09,Rain,30.0
2,2016-03-01 12:36:27,2016-03-01 13:51:27,40.033405,-82.910225,0.01,Columbus,OH,55.9,29.72,10.0,8.1,0.0,Light Rain,75.0
2,2016-03-01 12:50:36,2016-03-01 13:20:36,39.591389,-84.229485,0.01,Miamisburg,OH,48.0,29.72,10.0,8.1,0.02,Light Rain,30.0
2,2016-03-01 16:41:08,2016-03-01 17:11:08,40.080338,-82.880074,0.01,Westerville,OH,48.0,29.55,4.0,5.8,0.19,Light Rain,30.0
2,2016-03-01 17:23:06,2016-03-01 18:23:06,40.200333,-83.027435,0.0,Lewis Center,OH,48.2,29.51,10.0,9.2,0.0,Null,60.0
3,2016-03-01 17:31:22,2016-03-01 18:01:22,40.02504,-82.904129,0.01,Columbus,OH,48.2,29.52,8.0,8.1,0.0,Light Rain,30.0
3,2016-03-01 17:39:00,2016-03-01 21:00:00,40.013062,-82.90213,0.01,Columbus,OH,48.2,29.52,8.0,9.2,0.0,Overcast,201.0
3,2016-03-01 18:07:29,2016-03-01 18:37:29,40.065559,-82.906418,0.01,Columbus,OH,50.0,29.52,5.0,10.4,0.0,Light Rain,30.0
2,2016-03-01 18:37:25,2016-03-01 19:07:25,39.588413,-84.229774,0.01,Miamisburg,OH,39.0,29.69,10.0,25.3,0.0,Overcast,30.0
2,2016-03-01 18:52:22,2016-03-01 19:22:22,39.902195,-83.084763,0.0,Urbancrest,OH,48.2,29.56,10.0,15.0,0.0,Overcast,30.0
3,2016-03-02 16:36:08,2016-03-02 17:06:08,41.370506,-83.616997,0.01,Bowling Green,OH,28.9,30.16,10.0,11.5,0.0,Overcast,30.0
2,2016-03-02 17:12:54,2016-03-02 17:42:54,39.945427,-82.846558,0.01,Columbus,OH,30.9,30.17,10.0,5.8,0.0,Scattered Clouds,30.0
3,2016-03-02 17:32:51,2016-03-02 18:02:51,39.945751,-82.846252,0.01,Columbus,OH,30.9,30.18,10.0,11.5,0.0,Scattered Clouds,30.0
2,2016-03-02 17:52:45,2016-03-02 18:22:45,41.316475,-81.649101,0.01,Brecksville,OH,25.0,30.2,10.0,10.4,0.0,Mostly Cloudy,30.0
2,2016-03-02 19:20:37,2016-03-02 19:50:37,39.786633,-84.170837,0.01,Dayton,OH,29.8,30.2,10.0,5.8,0.0,Clear,30.0
2,2016-03-02 19:43:39,2016-03-02 20:13:39,39.768337,-84.194244,0.0,Dayton,OH,28.9,30.21,10.0,4.6,0.0,Partly Cloudy,30.0
2,2016-03-02 20:36:40,2016-03-02 21:06:40,39.797005,-84.154556,0.0,Dayton,OH,29.5,30.2,10.0,7.0,0.0,Partly Cloudy,30.0
2,2016-03-03 04:51:44,2016-03-03 05:21:44,40.005947,-82.858887,0.0,Columbus,OH,25.0,30.19,10.0,4.6,0.0,Mostly Cloudy,30.0
2,2016-03-03 06:39:51,2016-03-03 07:09:51,39.355782,-83.268311,0.01,Frankfort,OH,25.2,30.17,10.0,3.5,0.0,Overcast,30.0
3,2016-03-03 06:51:45,2016-03-03 07:21:45,40.030914,-82.994598,0.01,Columbus,OH,27.0,30.19,10.0,6.9,0.0,Overcast,30.0
2,2016-03-03 07:40:36,2016-03-03 08:10:36,39.746147,-84.183167,0.0,Dayton,OH,30.2,30.14,3.0,5.8,0.0,Light Snow,30.0
2,2016-03-03 07:43:25,2016-03-03 08:13:25,39.771233,-84.1763,0.0,Dayton,OH,30.2,30.14,3.0,5.8,0.0,Light Snow,30.0
3,2016-03-03 07:44:53,2016-03-03 08:14:53,39.976398,-83.119225,0.01,Columbus,OH,26.6,30.16,10.0,5.8,0.0,Overcast,30.0
3,2016-03-03 07:45:33,2016-03-03 08:15:33,39.948391,-82.943558,0.01,Columbus,OH,28.0,30.19,10.0,9.2,0.0,Overcast,30.0
2,2016-03-03 08:07:05,2016-03-03 08:37:05,39.321606,-84.070908,0.01,Blanchester,OH,28.9,30.21,4.0,3.5,0.0,Light Snow,30.0
2,2016-03-03 08:19:42,2016-03-03 08:49:42,39.085529,-84.178314,0.01,Batavia,OH,30.0,30.13,5.0,7.0,0.0,Light Snow,30.0
2,2016-03-03 09:12:10,2016-03-03 09:42:10,39.758556,-84.177246,0.01,Dayton,OH,30.6,30.16,10.0,5.8,0.0,Light Snow,30.0
3,2016-03-03 09:42:54,2016-03-03 10:12:54,39.939571,-83.009911,0.01,Columbus,OH,30.2,30.13,10.0,5.8,0.0,Overcast,30.0
3,2016-03-03 10:05:35,2016-03-03 10:35:35,39.747753,-84.20558199999998,0.01,Dayton,OH,30.0,30.1,1.0,8.1,0.0,Light Snow,30.0
2,2016-03-03 11:28:29,2016-03-03 11:58:29,39.815628,-84.093338,0.0,Dayton,OH,32.0,30.1,1.0,4.6,0.0,Light Snow,30.0
2,2016-03-03 11:51:07,2016-03-03 12:21:07,39.635357,-84.216339,0.0,Dayton,OH,34.0,30.11,3.0,10.4,0.0,Light Snow,30.0
2,2016-03-03 11:57:44,2016-03-03 12:27:44,39.757317,-84.151299,0.0,Dayton,OH,32.0,30.14,2.5,6.9,0.0,Light Snow,30.0
2,2016-03-03 14:24:46,2016-03-03 15:09:46,39.768837,-84.20156899999998,0.0,Dayton,OH,33.1,30.07,1.5,8.1,0.01,Light Snow,45.0
2,2016-03-03 14:58:23,2016-03-03 15:58:23,39.749916,-84.139359,0.01,Dayton,OH,33.1,30.08,1.5,6.9,0.01,Light Snow,60.0
2,2016-03-03 15:06:22,2016-03-03 15:51:22,39.685413,-84.220871,0.01,Dayton,OH,33.1,30.02,1.0,6.9,0.01,Light Snow,45.0
2,2016-03-03 15:07:36,2016-03-03 15:37:36,39.919437,-82.775238,0.0,Pickerington,OH,33.1,30.06,2.0,8.1,0.0,Light Snow,30.0
2,2016-03-03 16:11:40,2016-03-03 16:41:40,39.972076,-83.09818299999998,0.01,Columbus,OH,30.2,30.05,1.0,4.6,0.0,Light Snow,30.0
3,2016-03-03 16:30:54,2016-03-03 17:15:54,39.791206,-84.206223,0.01,Dayton,OH,34.0,30.01,2.5,8.1,0.01,Light Snow,45.0
2,2016-03-03 16:35:34,2016-03-03 17:20:34,39.778645,-84.20476500000002,0.01,Dayton,OH,33.1,30.0,2.0,6.9,0.01,Light Snow,45.0
2,2016-03-03 17:31:00,2016-03-03 23:00:00,39.749916,-84.139359,0.01,Dayton,OH,32.0,30.0,1.8,6.9,0.0,Light Snow,329.0
3,2016-03-03 18:30:12,2016-03-03 19:00:12,39.934155,-82.852524,0.01,Columbus,OH,30.2,30.03,1.5,4.6,0.01,Light Snow,30.0
3,2016-03-03 18:52:00,2016-03-03 23:00:00,39.755344,-84.203598,0.01,Dayton,OH,32.0,30.05,1.8,5.8,0.0,Light Snow,248.0
3,2016-03-03 20:04:00,2016-03-03 21:00:00,40.045822,-83.033424,0.01,Columbus,OH,32.0,30.02,2.5,6.9,0.0,Light Snow,56.0
3,2016-03-03 20:21:07,2016-03-03 20:51:07,40.051949,-83.03280600000002,0.01,Columbus,OH,32.0,30.02,2.5,6.9,0.0,Light Snow,30.0
2,2016-03-04 06:10:42,2016-03-04 06:40:42,39.943745,-83.073151,0.01,Columbus,OH,31.6,30.04,2.5,3.5,0.0,Light Snow,30.0
3,2016-03-04 06:11:18,2016-03-04 06:41:18,39.89217,-83.039169,0.01,Grove City,OH,31.6,30.04,2.5,3.5,0.0,Light Snow,30.0
3,2016-03-04 06:39:05,2016-03-04 07:09:05,41.113785,-81.611633,0.01,Akron,OH,27.0,30.03,2.0,7.0,0.0,Overcast,30.0
3,2016-03-04 06:43:09,2016-03-04 07:13:09,39.948158,-83.036201,0.01,Columbus,OH,31.6,30.04,2.5,3.5,0.0,Light Snow,30.0
3,2016-03-04 06:44:45,2016-03-04 07:14:45,39.819839,-84.189087,0.01,Dayton,OH,30.9,30.1,2.5,12.7,0.0,Overcast,30.0
3,2016-03-04 06:45:30,2016-03-04 07:15:30,39.788414,-84.183693,0.01,Dayton,OH,32.9,30.1,7.0,8.1,0.0,Overcast,30.0
2,2016-03-04 07:09:31,2016-03-04 07:39:31,39.747406,-84.239487,0.01,Dayton,OH,30.9,30.08,3.0,12.7,0.0,Overcast,30.0
2,2016-03-04 07:09:59,2016-03-04 07:39:59,39.747753,-84.20558199999998,0.01,Dayton,OH,30.9,30.08,3.0,12.7,0.0,Overcast,30.0
3,2016-03-04 07:28:45,2016-03-04 07:58:45,39.788414,-84.183693,0.01,Dayton,OH,32.0,30.12,2.5,9.2,0.0,Overcast,30.0
3,2016-03-04 07:37:31,2016-03-04 08:07:31,41.351006,-83.622826,0.01,Bowling Green,OH,28.9,30.17,9.0,5.8,0.0,Overcast,30.0
2,2016-03-04 07:52:53,2016-03-04 08:22:53,39.756203,-84.25322,0.01,Dayton,OH,30.0,30.14,4.0,13.8,0.0,Overcast,30.0
2,2016-03-04 07:59:13,2016-03-04 08:29:13,39.94365300000001,-83.060631,0.0,Columbus,OH,32.0,30.06,4.0,9.2,0.0,Overcast,30.0
2,2016-03-04 08:01:42,2016-03-04 08:31:42,39.985336,-82.78984100000002,0.01,Reynoldsburg,OH,32.0,30.07,6.0,9.2,0.0,Haze,30.0
3,2016-03-04 08:06:17,2016-03-04 08:36:17,40.077419,-82.907898,0.01,Columbus,OH,32.0,30.07,6.0,9.2,0.0,Haze,30.0
2,2016-03-04 08:14:01,2016-03-04 08:44:01,39.739037,-84.152107,0.0,Dayton,OH,31.8,30.13,6.0,10.4,0.0,Overcast,30.0
2,2016-03-04 08:24:47,2016-03-04 08:54:47,40.083298,-84.117058,0.01,Casstown,OH,30.0,30.14,4.0,13.8,0.0,Overcast,30.0
2,2016-03-04 08:33:12,2016-03-04 09:03:12,40.089439,-83.036194,0.01,Columbus,OH,32.0,30.12,6.0,9.2,0.0,Overcast,30.0
2,2016-03-04 10:17:30,2016-03-04 10:47:30,39.735844,-84.121658,0.01,Dayton,OH,32.5,30.18,5.0,5.8,0.0,Overcast,30.0
2,2016-03-04 11:15:47,2016-03-04 11:45:47,39.764576,-84.187706,0.01,Dayton,OH,32.0,30.2,10.0,3.5,0.0,Overcast,30.0
2,2016-03-04 11:50:40,2016-03-04 12:20:40,39.747974,-84.215065,0.01,Dayton,OH,32.0,30.2,4.0,6.9,0.0,Overcast,30.0
2,2016-03-04 14:55:55,2016-03-04 15:40:55,39.747753,-84.20558199999998,0.01,Dayton,OH,32.0,30.2,5.0,8.1,0.0,Overcast,45.0
2,2016-03-04 14:55:28,2016-03-04 15:25:28,39.95232,-83.03761300000002,0.0,Columbus,OH,33.8,30.15,7.0,4.6,0.0,Overcast,30.0
2,2016-03-04 16:46:11,2016-03-04 17:16:11,40.01757,-82.928978,0.01,Columbus,OH,34.0,30.19,10.0,9.2,0.0,Overcast,30.0
2,2016-03-04 17:31:00,2016-03-04 21:00:00,39.95652800000001,-83.018555,0.01,Columbus,OH,33.8,30.18,7.0,5.8,0.0,Overcast,209.0
2,2016-03-04 17:28:40,2016-03-04 17:58:40,39.939571,-83.009911,0.01,Columbus,OH,33.8,30.18,7.0,5.8,0.0,Overcast,30.0
2,2016-03-04 18:53:03,2016-03-04 19:23:03,39.749916,-84.139359,0.01,Dayton,OH,33.1,30.21,10.0,2.3,0.0,Overcast,30.0
3,2016-03-05 07:07:25,2016-03-05 07:37:25,41.137856,-83.65884399999999,0.01,Findlay,OH,30.9,30.08,5.0,8.1,0.0,Overcast,30.0
2,2016-03-07 06:40:17,2016-03-07 07:10:17,41.112324,-81.60992399999998,0.01,Akron,OH,37.0,30.11,10.0,9.2,0.0,Clear,30.0
3,2016-03-07 06:40:44,2016-03-07 07:10:44,40.109077,-83.091064,0.01,Dublin,OH,39.0,30.12,10.0,8.1,0.0,Clear,30.0
2,2016-03-07 06:55:50,2016-03-07 07:25:50,39.779266,-84.23465,0.01,Dayton,OH,42.1,30.1,10.0,9.2,0.0,Overcast,30.0
3,2016-03-07 07:27:39,2016-03-07 07:57:39,41.420975,-81.689758,0.01,Cleveland,OH,46.9,30.04,10.0,21.9,0.0,Clear,30.0
2,2016-03-07 09:02:27,2016-03-07 09:32:27,39.59670300000001,-84.238388,0.01,Miamisburg,OH,48.9,30.12,10.0,12.7,0.0,Clear,30.0
2,2016-03-07 09:03:03,2016-03-07 09:33:03,39.772823,-84.135612,0.01,Dayton,OH,46.4,30.12,10.0,8.1,0.0,Mostly Cloudy,30.0
3,2016-03-07 09:04:41,2016-03-07 09:34:41,40.109497,-83.090813,0.01,Columbus,OH,45.0,30.14,10.0,10.4,0.0,Clear,30.0
2,2016-03-07 10:32:16,2016-03-07 11:02:16,40.080402,-82.87745699999998,0.01,Westerville,OH,52.0,30.14,10.0,11.5,0.0,Overcast,30.0
2,2016-03-07 10:55:50,2016-03-07 11:25:50,39.741417,-84.18055,0.01,Dayton,OH,60.1,30.12,10.0,20.7,0.0,Overcast,30.0
2,2016-03-07 11:10:55,2016-03-07 11:40:55,39.760406,-84.195686,0.0,Dayton,OH,60.1,30.12,10.0,20.7,0.0,Overcast,30.0
2,2016-03-07 11:20:24,2016-03-07 11:50:24,39.627781,-84.188354,0.01,Dayton,OH,57.9,30.11,10.0,15.0,0.0,Clear,30.0
2,2016-03-07 14:48:52,2016-03-07 15:33:52,39.706184,-84.217506,0.01,Dayton,OH,62.1,30.06,10.0,19.6,0.0,Clear,45.0
2,2016-03-07 15:48:21,2016-03-07 16:33:21,39.812687,-84.22734799999998,0.01,Dayton,OH,59.0,30.05,10.0,13.8,0.0,Light Rain,45.0
2,2016-03-07 16:07:09,2016-03-07 16:52:09,39.767471,-84.15786700000002,0.01,Dayton,OH,62.4,30.06,10.0,17.3,0.0,Light Rain,45.0
3,2016-03-07 17:05:00,2016-03-07 21:00:00,39.902088,-82.898178,0.01,Columbus,OH,58.8,30.06,10.0,8.1,0.0,Overcast,235.0
3,2016-03-07 21:49:00,2016-03-08 01:49:00,40.699066,-84.089935,0.01,Lima,OH,52.0,30.03,10.0,9.2,0.0,Clear,240.0
2,2016-03-08 04:25:14,2016-03-08 04:55:14,39.811291,-84.235176,0.01,Dayton,OH,51.1,30.07,10.0,9.2,0.0,Partly Cloudy,30.0
2,2016-03-08 04:57:26,2016-03-08 05:27:26,39.811291,-84.235176,0.01,Dayton,OH,53.1,30.07,10.0,10.4,0.0,Mostly Cloudy,30.0
2,2016-03-08 04:55:34,2016-03-08 05:25:34,39.872375,-84.055153,0.01,Dayton,OH,50.5,30.08,10.0,5.8,0.0,Overcast,30.0
2,2016-03-08 05:31:02,2016-03-08 06:16:02,39.916485,-82.897026,0.0,Columbus,OH,54.0,30.11,10.0,5.8,0.0,Overcast,45.0
2,2016-03-08 06:10:30,2016-03-08 06:40:30,39.019779,-84.20581800000002,0.01,Amelia,OH,55.4,30.13,10.0,5.8,0.0,Clear,30.0
2,2016-03-08 06:47:17,2016-03-08 07:17:17,39.096836,-84.253273,0.01,Batavia,OH,55.2,30.15,10.0,4.6,0.0,Clear,30.0
2,2016-03-08 06:54:37,2016-03-08 07:24:37,40.006477,-83.030991,0.01,Columbus,OH,53.1,30.12,10.0,10.4,0.0,Overcast,30.0
2,2016-03-08 06:57:44,2016-03-08 07:27:44,40.080402,-82.87745699999998,0.01,Westerville,OH,55.0,30.13,10.0,9.2,0.0,Overcast,30.0
2,2016-03-08 07:29:19,2016-03-08 07:59:19,39.748081,-84.13945799999998,0.01,Dayton,OH,56.7,30.14,10.0,13.8,0.0,Overcast,30.0
3,2016-03-08 07:26:53,2016-03-08 07:56:53,40.003059,-82.862289,0.01,Columbus,OH,55.0,30.16,10.0,9.2,0.0,Overcast,30.0
3,2016-03-08 07:46:55,2016-03-08 08:16:55,41.36795,-81.821655,0.01,Cleveland,OH,53.1,30.12,10.0,10.4,0.0,Mostly Cloudy,30.0
2,2016-03-08 08:09:53,2016-03-08 08:39:53,39.75777100000001,-84.142036,0.0,Dayton,OH,56.7,30.14,10.0,13.8,0.0,Overcast,30.0
2,2016-03-08 09:20:23,2016-03-08 09:50:23,39.749916,-84.139359,0.01,Dayton,OH,61.2,30.15,10.0,18.4,0.0,Mostly Cloudy,30.0
2,2016-03-08 10:36:45,2016-03-08 11:06:45,39.106014,-84.147224,0.01,Batavia,OH,65.1,30.18,10.0,11.5,0.0,Clear,30.0
2,2016-03-08 10:37:41,2016-03-08 11:07:41,39.603619,-84.228577,0.0,Miamisburg,OH,66.0,30.14,10.0,16.1,0.0,Clear,30.0
2,2016-03-08 10:39:09,2016-03-08 11:09:09,39.636219,-84.21775799999998,0.01,Dayton,OH,66.0,30.14,10.0,16.1,0.0,Clear,30.0
2,2016-03-08 10:55:29,2016-03-08 11:25:29,39.790596,-84.253807,0.01,Dayton,OH,66.0,30.13,10.0,19.6,0.0,Scattered Clouds,30.0
2,2016-03-08 12:14:36,2016-03-08 12:44:36,39.786629,-84.18869000000002,0.01,Dayton,OH,70.2,30.13,10.0,18.4,0.0,Clear,30.0
3,2016-03-08 12:20:00,2016-03-08 13:25:00,40.112133,-83.016998,0.01,Columbus,OH,68.0,30.14,10.0,13.8,0.0,Overcast,65.0
2,2016-03-08 13:19:16,2016-03-08 14:04:16,39.753288,-84.191978,0.01,Dayton,OH,71.6,30.06,10.0,18.4,0.0,Clear,45.0
2,2016-03-08 16:13:46,2016-03-08 17:13:46,39.770718,-84.211449,0.0,Dayton,OH,71.1,30.02,10.0,16.1,0.0,Mostly Cloudy,60.0
2,2016-03-08 17:11:00,2016-03-08 21:00:00,39.995968,-83.024574,0.01,Columbus,OH,71.1,30.0,10.0,15.0,0.0,Clear,229.0
2,2016-03-08 17:26:10,2016-03-08 17:56:10,40.131283,-83.089745,0.01,Dublin,OH,69.1,30.02,10.0,11.5,0.0,Clear,30.0
2,2016-03-08 17:56:35,2016-03-08 18:41:35,40.103794,-83.13369,0.01,Dublin,OH,69.1,30.02,10.0,11.5,0.0,Clear,45.0
3,2016-03-08 17:55:00,2016-03-08 21:00:00,40.047691,-82.997086,0.01,Columbus,OH,69.1,30.02,10.0,11.5,0.0,Clear,185.0
3,2016-03-08 18:41:00,2016-03-08 21:00:00,39.93639,-82.881676,0.01,Columbus,OH,66.9,30.03,10.0,8.1,0.0,Mostly Cloudy,139.0
3,2016-03-09 06:07:45,2016-03-09 06:37:45,40.827763,-83.975716,0.01,Lima,OH,57.0,29.97,10.0,16.1,0.0,Clear,30.0
2,2016-03-09 06:42:51,2016-03-09 07:12:51,39.67155800000001,-84.252678,0.0,Dayton,OH,55.9,30.03,10.0,9.2,0.0,Clear,30.0
2,2016-03-09 06:50:34,2016-03-09 07:20:34,40.028641,-83.01509899999998,0.01,Columbus,OH,55.0,30.05,10.0,8.1,0.0,Clear,30.0
3,2016-03-09 07:22:35,2016-03-09 07:52:35,40.02404,-82.99479699999998,0.01,Columbus,OH,54.0,30.07,10.0,4.6,0.0,Mostly Cloudy,30.0
2,2016-03-09 08:13:28,2016-03-09 08:43:28,40.11182,-82.901276,0.0,Westerville,OH,54.0,30.07,10.0,4.6,0.0,Mostly Cloudy,30.0
3,2016-03-09 08:39:20,2016-03-09 09:09:20,40.09917100000001,-83.134499,0.01,Dublin,OH,63.0,30.06,10.0,13.8,0.0,Clear,30.0
2,2016-03-09 08:38:38,2016-03-09 09:08:38,40.059711,-82.419037,0.01,Newark,OH,61.0,30.08,10.0,6.9,0.0,Clear,30.0
2,2016-03-09 09:38:42,2016-03-09 10:08:42,39.801685,-84.253998,0.01,Dayton,OH,64.0,30.06,10.0,16.1,0.0,Mostly Cloudy,30.0
2,2016-03-09 09:41:18,2016-03-09 10:11:18,39.798016,-84.25018299999998,0.0,Dayton,OH,64.0,30.06,10.0,16.1,0.0,Mostly Cloudy,30.0
2,2016-03-09 09:40:00,2016-03-09 10:40:00,39.995106,-83.025337,0.01,Columbus,OH,63.0,30.08,10.0,13.8,0.0,Partly Cloudy,60.0
2,2016-03-09 11:27:24,2016-03-09 11:57:24,39.740906,-84.182121,0.01,Dayton,OH,66.0,30.08,10.0,15.0,0.0,Mostly Cloudy,30.0
2,2016-03-09 11:41:23,2016-03-09 12:11:23,39.757221,-84.205894,0.01,Dayton,OH,70.2,30.04,10.0,19.6,0.0,Scattered Clouds,30.0
2,2016-03-09 11:40:43,2016-03-09 12:10:43,39.745384,-84.183006,0.01,Dayton,OH,70.2,30.04,10.0,19.6,0.0,Scattered Clouds,30.0
2,2016-03-09 11:56:56,2016-03-09 12:26:56,39.658932,-84.157677,0.01,Dayton,OH,70.0,30.03,10.0,21.9,0.0,Partly Cloudy,30.0
2,2016-03-09 13:55:50,2016-03-09 14:40:50,39.780712,-84.18723299999998,0.01,Dayton,OH,73.0,30.01,10.0,18.4,0.0,Mostly Cloudy,45.0
2,2016-03-09 14:28:02,2016-03-09 15:28:02,39.754055,-84.17588,0.01,Dayton,OH,69.8,30.02,7.0,17.3,0.0,Light Rain Showers,60.0
2,2016-03-09 14:47:02,2016-03-09 15:32:02,39.828781,-84.19839499999998,0.0,Dayton,OH,66.9,30.03,9.0,16.1,0.0,Light Rain,45.0
2,2016-03-09 15:01:02,2016-03-09 15:46:02,39.805809,-84.222435,0.01,Dayton,OH,66.9,30.03,9.0,16.1,0.0,Light Rain,45.0
3,2016-03-10 05:22:10,2016-03-10 06:07:10,39.896893,-83.723129,0.01,Springfield,OH,55.4,30.02,7.0,5.8,0.0,Overcast,45.0
3,2016-03-10 06:09:17,2016-03-10 06:39:17,39.715988,-84.219238,0.01,Dayton,OH,57.0,30.0,10.0,6.9,0.0,Overcast,30.0
3,2016-03-10 06:12:15,2016-03-10 06:42:15,39.896893,-83.723129,0.01,Springfield,OH,55.9,30.03,10.0,4.6,0.01,Overcast,30.0
3,2016-03-10 07:10:04,2016-03-10 07:40:04,39.715988,-84.219238,0.01,Dayton,OH,59.0,30.0,10.0,9.2,0.0,Light Rain,30.0
3,2016-03-10 07:22:33,2016-03-10 07:52:33,39.933804,-82.78944399999997,0.01,Pickerington,OH,59.0,30.05,6.0,9.2,0.02,Rain,30.0
2,2016-03-10 07:35:01,2016-03-10 08:05:01,39.668198,-84.147636,0.0,Dayton,OH,59.0,30.0,10.0,6.9,0.0,Overcast,30.0
2,2016-03-10 07:41:11,2016-03-10 08:11:11,39.781204,-84.20558199999998,0.01,Dayton,OH,57.9,30.01,7.0,13.8,0.0,Light Rain,30.0
3,2016-03-10 07:42:38,2016-03-10 08:12:38,39.901142,-84.18789699999998,0.01,Vandalia,OH,57.9,30.01,7.0,13.8,0.0,Light Rain,30.0
2,2016-03-10 07:56:35,2016-03-10 08:26:35,39.903053,-83.162949,0.01,Galloway,OH,57.2,30.03,7.0,11.5,0.0,Light Rain,30.0
2,2016-03-10 08:03:25,2016-03-10 08:33:25,39.783173,-84.117981,0.01,Dayton,OH,59.2,30.01,10.0,11.5,0.0,Overcast,30.0
2,2016-03-10 08:12:38,2016-03-10 08:42:38,39.085529,-84.178314,0.01,Batavia,OH,60.1,30.02,10.0,6.9,0.0,Overcast,30.0
3,2016-03-10 08:48:10,2016-03-10 09:18:10,40.111134,-82.992203,0.01,Columbus,OH,57.2,30.01,10.0,6.9,0.0,Overcast,30.0
3,2016-03-10 09:32:41,2016-03-10 10:02:41,39.948391,-82.943558,0.01,Columbus,OH,59.0,30.03,10.0,9.2,0.0,Mostly Cloudy,30.0
2,2016-03-10 09:36:26,2016-03-10 10:06:26,39.786411,-84.25376899999998,0.01,Dayton,OH,57.9,30.03,1.2,13.8,0.01,Light Rain,30.0
2,2016-03-10 09:37:25,2016-03-10 10:07:25,39.782368,-84.203339,0.01,Dayton,OH,57.9,30.01,1.8,9.2,0.05,Light Rain,30.0
2,2016-03-10 09:36:50,2016-03-10 10:06:50,39.74688,-84.15986600000002,0.0,Dayton,OH,59.0,30.01,2.5,15.0,0.0,Light Rain,30.0
2,2016-03-10 10:00:50,2016-03-10 10:30:50,39.596725,-84.231667,0.01,Miamisburg,OH,59.0,30.01,6.0,8.1,0.01,Light Rain,30.0
2,2016-03-10 10:33:46,2016-03-10 11:03:46,39.784584,-84.15226700000002,0.0,Dayton,OH,60.8,30.01,2.8,10.4,0.0,Light Rain,30.0
2,2016-03-10 11:08:43,2016-03-10 11:38:43,39.769596,-84.176964,0.01,Dayton,OH,59.9,30.02,2.8,10.4,0.04,Light Rain,30.0
3,2016-03-10 11:29:29,2016-03-10 11:59:29,39.696461,-83.456673,0.01,Bloomingburg,OH,60.1,30.03,1.8,13.8,0.02,Rain,30.0
3,2016-03-10 11:27:00,2016-03-10 15:00:00,39.97847700000001,-83.119835,0.01,Columbus,OH,59.0,30.02,5.0,6.9,0.0,Light Rain,213.0
2,2016-03-10 13:25:31,2016-03-10 14:10:31,39.773762,-84.14045,0.0,Dayton,OH,60.8,29.98,4.0,11.5,0.0,Light Rain,45.0
3,2016-03-10 14:44:12,2016-03-10 15:29:12,39.956909,-83.044914,0.01,Columbus,OH,60.8,29.99,2.0,9.2,0.0,Rain,45.0
3,2016-03-10 15:02:15,2016-03-10 16:02:15,39.788414,-84.183693,0.01,Dayton,OH,60.8,29.99,2.5,6.9,0.05,Light Rain,60.0
2,2016-03-10 15:29:46,2016-03-10 15:59:46,38.843636,-82.216187,0.0,Gallipolis,OH,66.0,29.17,10.0,5.0,0.0,Light Rain,30.0
2,2016-03-10 16:14:42,2016-03-10 16:59:42,39.741505,-84.16555,0.01,Dayton,OH,60.8,29.96,2.0,5.8,0.0,Light Rain,45.0
3,2016-03-10 15:57:41,2016-03-10 16:43:47,39.978668,-82.974152,0.01,Columbus,OH,60.1,29.98,5.0,12.7,0.08,Rain,46.1
3,2016-03-10 16:41:06,2016-03-10 17:26:06,39.59670300000001,-84.238388,0.01,Miamisburg,OH,60.1,29.96,2.0,6.9,0.07,Light Rain,45.0
2,2016-03-10 18:08:00,2016-03-10 23:59:00,39.919376,-82.936417,0.01,Columbus,OH,58.5,29.98,5.0,5.8,0.0,Light Rain,351.0
3,2016-03-10 18:34:00,2016-03-10 23:00:00,39.788647,-84.18390699999998,0.01,Dayton,OH,57.6,30.02,2.5,11.5,0.11,Rain,266.0
2,2016-03-10 19:17:46,2016-03-10 19:47:46,39.858292,-83.003548,0.01,Lockbourne,OH,58.6,30.0,5.0,9.2,0.0,Rain,30.0
2,2016-03-10 20:21:40,2016-03-10 20:51:40,39.832066,-83.000374,0.01,Lockbourne,OH,56.5,30.03,10.0,9.2,0.0,Rain,30.0
2,2016-03-11 05:06:12,2016-03-11 05:36:12,39.965687,-83.009842,0.01,Columbus,OH,46.9,30.19,8.0,10.4,0.0,Overcast,30.0
3,2016-03-11 07:22:54,2016-03-11 07:52:54,39.974941,-83.10006,0.01,Columbus,OH,44.6,30.28,10.0,6.9,0.0,Mostly Cloudy,30.0
2,2016-03-11 07:28:06,2016-03-11 07:58:06,41.403664,-82.13942,0.01,Elyria,OH,37.0,30.33,10.0,9.2,0.0,Overcast,30.0
3,2016-03-11 07:28:40,2016-03-11 07:58:40,41.323063,-82.616463,0.01,Milan,OH,64.0,29.86,10.0,7.0,0.0,Null,30.0
2,2016-03-11 07:46:20,2016-03-11 08:16:20,41.420448,-81.828468,0.01,Cleveland,OH,37.0,30.37,10.0,12.7,0.0,Overcast,30.0
2,2016-03-11 08:06:35,2016-03-11 08:36:35,39.816311,-84.130341,0.01,Dayton,OH,45.5,30.33,10.0,10.4,0.0,Overcast,30.0
2,2016-03-11 08:38:31,2016-03-11 09:08:31,39.798302,-84.235229,0.01,Dayton,OH,45.0,30.33,7.0,12.7,0.0,Overcast,30.0
2,2016-03-11 08:36:58,2016-03-11 09:06:58,39.767513,-84.194016,0.01,Dayton,OH,45.0,30.33,7.0,12.7,0.0,Overcast,30.0
2,2016-03-11 09:01:09,2016-03-11 09:31:09,39.671932,-84.210815,0.01,Dayton,OH,46.9,30.31,8.0,12.7,0.0,Overcast,30.0
2,2016-03-11 09:20:22,2016-03-11 09:50:22,39.781044,-84.242554,0.0,Dayton,OH,45.0,30.33,7.0,12.7,0.0,Overcast,30.0
2,2016-03-11 09:12:17,2016-03-11 09:42:17,39.774738,-84.174683,0.01,Dayton,OH,45.9,30.34,10.0,10.4,0.0,Overcast,30.0
2,2016-03-11 09:42:23,2016-03-11 10:12:23,39.767204,-84.162796,0.0,Dayton,OH,46.4,30.32,10.0,12.7,0.0,Overcast,30.0
2,2016-03-11 09:37:00,2016-03-11 11:37:00,39.95166,-83.017601,0.01,Columbus,OH,45.0,30.33,10.0,9.2,0.0,Overcast,120.0
3,2016-03-11 09:37:00,2016-03-11 11:37:00,39.950317,-83.01724200000002,0.01,Columbus,OH,46.4,30.33,10.0,12.7,0.0,Overcast,120.0
2,2016-03-11 09:50:13,2016-03-11 10:20:13,39.732437,-84.20874,0.01,Moraine,OH,46.0,30.32,8.0,11.5,0.0,Overcast,30.0
2,2016-03-11 10:05:05,2016-03-11 10:35:05,39.253136,-84.135544,0.01,Goshen,OH,49.6,30.31,10.0,8.1,0.0,Overcast,30.0
2,2016-03-11 10:06:28,2016-03-11 10:36:28,39.790283,-84.190063,0.01,Dayton,OH,46.0,30.34,9.0,10.4,0.0,Overcast,30.0
2,2016-03-11 10:39:00,2016-03-11 15:00:00,39.946922,-83.031151,0.0,Columbus,OH,48.2,30.33,10.0,5.8,0.0,Mostly Cloudy,261.0
2,2016-03-11 10:51:00,2016-03-11 15:00:00,39.956467,-83.045815,0.01,Columbus,OH,48.2,30.33,10.0,5.8,0.0,Mostly Cloudy,249.0
2,2016-03-11 11:36:04,2016-03-11 12:06:04,39.641197,-84.157799,0.01,Dayton,OH,48.9,30.33,10.0,10.4,0.0,Mostly Cloudy,30.0
2,2016-03-11 12:18:00,2016-03-11 13:33:00,41.425308,-81.897865,0.01,North Olmsted,OH,37.0,30.43,10.0,8.1,0.0,Overcast,75.0
4,2016-03-11 13:18:48,2016-03-11 13:48:48,39.917412,-83.014236,0.01,Columbus,OH,51.8,30.34,10.0,5.8,0.0,Clear,30.0
3,2016-03-11 14:38:00,2016-03-11 22:22:00,39.981674,-82.984566,0.01,Columbus,OH,55.0,30.32,10.0,7.0,0.0,Overcast,464.0
2,2016-03-11 15:30:55,2016-03-11 16:00:55,39.994205,-83.024689,0.01,Columbus,OH,55.9,30.31,10.0,5.8,0.0,Clear,30.0
3,2016-03-11 17:02:09,2016-03-11 17:47:09,40.004406,-82.918137,0.01,Columbus,OH,57.0,30.31,10.0,6.9,0.0,Mostly Cloudy,45.0
3,2016-03-11 17:10:00,2016-03-11 22:22:00,40.084126,-83.137772,0.01,Dublin,OH,57.0,30.32,10.0,8.1,0.0,Clear,312.0
2,2016-03-11 17:15:55,2016-03-11 17:45:55,39.959778,-82.997467,0.01,Columbus,OH,57.0,30.31,10.0,6.9,0.0,Mostly Cloudy,30.0
3,2016-03-11 17:07:00,2016-03-11 22:22:00,40.008327,-82.986023,0.01,Columbus,OH,57.0,30.31,10.0,6.9,0.0,Mostly Cloudy,315.0
3,2016-03-11 17:35:00,2016-03-11 23:11:00,39.977394,-83.150467,0.01,Columbus,OH,55.4,30.31,10.0,4.6,0.0,Clear,336.0
3,2016-03-11 18:34:00,2016-03-11 22:22:00,40.025917,-82.994576,0.01,Columbus,OH,51.1,30.32,10.0,3.5,0.0,Mostly Cloudy,228.0
3,2016-03-12 07:03:00,2016-03-12 10:00:00,41.40752,-81.64746099999998,0.01,Independence,OH,35.1,30.25,7.0,7.0,0.0,Clear,177.0
3,2016-03-12 10:48:00,2016-03-12 14:00:00,41.060379,-81.554153,0.01,Akron,OH,57.0,30.2,10.0,3.5,0.0,Clear,192.0
3,2016-03-12 11:55:00,2016-03-12 23:59:00,40.10564,-82.949692,0.01,Columbus,OH,59.0,30.17,10.0,3.5,0.0,Clear,724.0
2,2016-03-14 04:23:17,2016-03-14 04:53:17,39.732307,-84.240646,0.01,Dayton,OH,57.0,29.74,6.0,9.2,0.0,Mostly Cloudy,30.0
2,2016-03-14 06:10:12,2016-03-14 06:40:12,38.892097,-84.208702,0.0,Moscow,OH,56.7,29.75,10.0,3.5,0.0,Mostly Cloudy,30.0
2,2016-03-14 07:03:27,2016-03-14 07:33:27,39.536186,-84.235069,0.01,Springboro,OH,55.9,29.74,2.5,10.4,0.0,Overcast,30.0
2,2016-03-14 07:27:29,2016-03-14 07:57:29,39.805882,-84.21578199999998,0.0,Dayton,OH,57.0,29.74,5.0,8.1,0.0,Overcast,30.0
2,2016-03-14 07:31:17,2016-03-14 08:01:17,39.944817,-82.877861,0.01,Columbus,OH,57.2,29.75,9.0,5.8,0.0,Overcast,30.0
2,2016-03-14 07:45:42,2016-03-14 08:15:42,39.370232,-84.249039,0.0,Mason,OH,51.1,29.75,0.2,7.0,0.0,Fog,30.0
2,2016-03-14 07:56:41,2016-03-14 08:26:41,39.734035,-84.14502,0.0,Dayton,OH,57.4,29.75,6.0,5.8,0.0,Overcast,30.0
2,2016-03-14 07:58:00,2016-03-14 08:28:00,39.808914,-83.97833299999998,0.01,Fairborn,OH,57.4,29.75,6.0,5.8,0.0,Overcast,30.0
2,2016-03-14 08:03:00,2016-03-14 08:33:00,39.735283,-84.161659,0.01,Dayton,OH,55.9,29.75,3.0,6.9,0.0,Overcast,30.0
2,2016-03-14 08:06:40,2016-03-14 08:36:40,39.820873,-84.237328,0.01,Dayton,OH,55.9,29.76,0.5,10.4,0.0,Overcast,30.0
2,2016-03-14 08:07:27,2016-03-14 08:37:27,40.105621,-83.091125,0.01,Dublin,OH,57.0,29.76,5.0,8.1,0.0,Overcast,30.0
2,2016-03-14 08:35:36,2016-03-14 09:05:36,39.050854,-84.07486,0.01,Batavia,OH,57.4,29.76,10.0,3.5,0.0,Overcast,30.0
2,2016-03-14 09:01:50,2016-03-14 09:31:50,39.751579,-84.239983,0.01,Dayton,OH,57.0,29.75,0.5,9.2,0.0,Overcast,30.0
3,2016-03-14 09:03:48,2016-03-14 09:33:48,41.404495,-82.116928,0.01,Elyria,OH,57.9,29.73,6.0,11.5,0.0,Mostly Cloudy,30.0
2,2016-03-14 09:14:25,2016-03-14 09:44:25,39.625694,-84.200005,0.01,Dayton,OH,57.9,29.74,6.0,4.6,0.0,Scattered Clouds,30.0
2,2016-03-14 09:22:34,2016-03-14 09:52:34,41.383537,-83.641235,0.0,Bowling Green,OH,57.0,29.72,4.0,9.2,0.0,Overcast,30.0
2,2016-03-14 09:34:02,2016-03-14 10:04:02,39.76926,-84.236465,0.01,Dayton,OH,57.0,29.75,2.0,9.2,0.0,Overcast,30.0
2,2016-03-14 09:34:35,2016-03-14 10:04:35,39.592564,-84.155518,0.0,Dayton,OH,57.9,29.74,6.0,4.6,0.0,Scattered Clouds,30.0
2,2016-03-14 11:15:46,2016-03-14 11:45:46,39.788414,-84.183693,0.01,Dayton,OH,60.8,29.73,10.0,1.2,0.0,Mostly Cloudy,30.0
2,2016-03-14 13:12:57,2016-03-14 13:42:57,39.800083,-84.21869699999998,0.01,Dayton,OH,62.1,29.7,2.0,6.9,0.02,Rain,30.0
3,2016-03-14 13:33:38,2016-03-14 14:18:38,39.733723,-84.204971,0.01,Dayton,OH,61.0,29.69,4.0,6.9,0.09,Rain,45.0
2,2016-03-14 15:02:26,2016-03-14 15:47:26,39.738392,-84.140419,0.01,Dayton,OH,65.8,29.63,10.0,13.8,0.0,Mostly Cloudy,45.0
3,2016-03-14 17:19:43,2016-03-14 18:04:43,39.645313,-84.232414,0.01,Dayton,OH,66.9,29.61,10.0,11.5,0.0,Mostly Cloudy,45.0
3,2016-03-14 17:28:00,2016-03-14 23:31:00,39.651726,-84.233627,0.01,Dayton,OH,66.0,29.62,10.0,8.1,0.0,Scattered Clouds,363.0
3,2016-03-15 06:01:06,2016-03-15 06:31:06,39.945255,-82.600075,0.01,Millersport,OH,55.9,29.77,9.0,11.5,0.0,Overcast,30.0
2,2016-03-15 06:58:33,2016-03-15 07:28:33,39.783661,-84.166382,0.0,Dayton,OH,54.3,29.82,5.0,2.3,0.0,Overcast,30.0
2,2016-03-15 07:22:02,2016-03-15 07:52:02,40.082298,-82.896858,0.01,Westerville,OH,53.6,29.8,6.0,8.1,0.0,Haze,30.0
2,2016-03-15 07:47:00,2016-03-15 08:17:00,39.75125900000001,-84.167778,0.0,Dayton,OH,53.6,29.82,2.0,1.2,0.0,Overcast,30.0
2,2016-03-15 07:56:30,2016-03-15 08:26:30,39.748081,-84.13945799999998,0.01,Dayton,OH,54.3,29.83,1.5,2.3,0.0,Overcast,30.0
2,2016-03-15 08:06:07,2016-03-15 08:36:07,39.943745,-83.073151,0.01,Columbus,OH,53.6,29.83,4.0,5.8,0.0,Overcast,30.0
3,2016-03-15 08:13:31,2016-03-15 08:43:31,41.407391,-81.64676700000003,0.01,Independence,OH,43.0,29.81,0.8,9.2,0.01,Light Rain,30.0
2,2016-03-15 08:25:06,2016-03-15 08:55:06,39.802471,-84.235107,0.01,Dayton,OH,53.1,29.84,2.0,3.5,0.0,Overcast,30.0
2,2016-03-15 11:13:58,2016-03-15 11:43:58,39.787209,-84.205185,0.0,Dayton,OH,55.0,29.86,4.0,3.5,0.0,Overcast,30.0
2,2016-03-15 12:30:02,2016-03-15 13:15:02,39.731812,-84.15831,0.01,Dayton,OH,60.8,29.83,10.0,2.3,0.0,Mostly Cloudy,45.0
3,2016-03-15 13:13:45,2016-03-15 14:13:45,39.733723,-84.204971,0.01,Dayton,OH,62.1,29.83,10.0,5.8,0.0,Scattered Clouds,60.0
2,2016-03-15 14:22:22,2016-03-15 15:07:22,39.812775,-84.220001,0.01,Dayton,OH,64.9,29.81,10.0,5.8,0.0,Partly Cloudy,45.0
2,2016-03-15 14:31:24,2016-03-15 15:01:24,39.794266,-84.215851,0.0,Dayton,OH,66.9,29.78,10.0,8.1,0.0,Scattered Clouds,30.0
2,2016-03-15 14:57:15,2016-03-15 15:42:15,39.764576,-84.187706,0.01,Dayton,OH,67.8,29.79,10.0,3.5,0.0,Clear,45.0
2,2016-03-15 16:04:30,2016-03-15 16:49:30,39.819523,-84.20468100000002,0.01,Dayton,OH,68.0,29.75,10.0,8.1,0.0,Partly Cloudy,45.0
3,2016-03-16 05:01:05,2016-03-16 05:31:05,39.788414,-84.183693,0.01,Dayton,OH,63.1,29.53,5.0,9.2,0.0,Haze,30.0
2,2016-03-16 04:59:05,2016-03-16 05:29:05,39.980274,-82.83625,0.01,Columbus,OH,60.1,29.55,10.0,5.8,0.0,Overcast,30.0
3,2016-03-16 05:09:57,2016-03-16 05:39:57,39.773193,-84.187454,0.01,Dayton,OH,64.4,29.55,7.0,15.0,0.0,Mostly Cloudy,30.0
2,2016-03-16 06:29:00,2016-03-16 06:59:00,39.941711,-83.978874,0.0,New Carlisle,OH,60.4,29.62,7.0,13.8,0.0,Scattered Clouds,30.0
2,2016-03-16 06:47:19,2016-03-16 07:17:19,39.737404,-84.185776,0.01,Dayton,OH,60.4,29.62,7.0,13.8,0.0,Scattered Clouds,30.0
2,2016-03-16 06:49:57,2016-03-16 07:19:57,40.082397,-82.906921,0.01,Westerville,OH,64.0,29.57,10.0,12.7,0.0,Scattered Clouds,30.0
2,2016-03-16 07:08:25,2016-03-16 07:38:25,39.184589,-84.235176,0.01,Milford,OH,62.1,29.67,10.0,13.8,0.0,Scattered Clouds,30.0
2,2016-03-16 07:10:24,2016-03-16 07:40:24,39.923038,-82.784538,0.01,Pickerington,OH,64.0,29.58,10.0,8.1,0.0,Overcast,30.0
2,2016-03-16 07:23:13,2016-03-16 07:53:13,39.745384,-84.183006,0.01,Dayton,OH,59.0,29.64,7.0,19.6,0.0,Overcast,30.0
2,2016-03-16 07:38:10,2016-03-16 08:08:10,39.870964,-82.855354,0.01,Groveport,OH,61.2,29.61,10.0,11.5,0.0,Overcast,30.0
3,2016-03-16 07:38:20,2016-03-16 08:08:20,39.981812,-83.118767,0.01,Columbus,OH,62.6,29.63,10.0,9.2,0.0,Overcast,30.0
3,2016-03-16 07:31:25,2016-03-16 08:01:25,39.997391,-83.118156,0.01,Columbus,OH,62.6,29.61,10.0,11.5,0.0,Overcast,30.0
3,2016-03-16 07:55:16,2016-03-16 08:25:16,39.632637,-84.20303299999998,0.01,Dayton,OH,59.0,29.67,10.0,15.0,0.0,Overcast,30.0
2,2016-03-16 08:54:38,2016-03-16 09:24:38,39.9767,-83.045517,0.01,Columbus,OH,59.0,29.67,10.0,17.3,0.0,Overcast,30.0
2,2016-03-16 09:25:43,2016-03-16 09:55:43,39.72419,-84.152336,0.01,Dayton,OH,56.5,29.72,10.0,21.9,0.0,Partly Cloudy,30.0
3,2016-03-16 09:36:49,2016-03-16 10:06:49,39.770382,-84.194901,0.01,Dayton,OH,55.0,29.74,10.0,23.0,0.0,Partly Cloudy,30.0
2,2016-03-16 10:41:00,2016-03-16 14:00:00,40.266563,-82.928535,0.01,Sunbury,OH,57.2,29.73,10.0,23.0,0.0,Scattered Clouds,199.0
3,2016-03-16 12:24:15,2016-03-16 13:09:15,41.42202800000001,-81.877464,0.01,North Olmsted,OH,59.0,29.69,10.0,31.1,0.0,Scattered Clouds,45.0
2,2016-03-17 04:12:59,2016-03-17 04:42:59,39.820084,-84.16755699999999,0.01,Dayton,OH,42.1,29.91,10.0,8.1,0.0,Scattered Clouds,30.0
2,2016-03-17 06:55:29,2016-03-17 07:25:29,39.754055,-84.17588,0.01,Dayton,OH,37.8,29.91,10.0,6.9,0.0,Clear,30.0
2,2016-03-17 07:12:30,2016-03-17 07:42:30,39.122822,-84.135796,0.01,Owensville,OH,46.8,29.93,10.0,5.8,0.0,Clear,30.0
2,2016-03-17 07:31:22,2016-03-17 08:01:22,39.803738,-84.22461700000002,0.0,Dayton,OH,42.1,29.91,10.0,9.2,0.0,Clear,30.0
2,2016-03-17 07:38:17,2016-03-17 08:08:17,39.596882,-84.117653,0.01,Dayton,OH,43.0,29.9,10.0,5.8,0.0,Clear,30.0
2,2016-03-17 07:56:30,2016-03-17 08:26:30,39.615669,-84.135452,0.01,Dayton,OH,43.0,29.9,10.0,5.8,0.0,Clear,30.0
2,2016-03-17 08:07:07,2016-03-17 08:37:07,39.973015,-83.014801,0.01,Columbus,OH,45.0,29.9,10.0,4.6,0.0,Scattered Clouds,30.0
2,2016-03-17 08:07:38,2016-03-17 08:37:38,39.949711,-82.970123,0.01,Columbus,OH,45.0,29.9,10.0,4.6,0.0,Scattered Clouds,30.0
2,2016-03-17 08:28:13,2016-03-17 08:58:13,39.949711,-82.970123,0.01,Columbus,OH,48.0,29.91,10.0,6.9,0.0,Clear,30.0
3,2016-03-17 08:51:23,2016-03-17 09:51:23,39.733723,-84.204971,0.01,Dayton,OH,46.9,29.93,10.0,10.4,0.0,Clear,60.0
2,2016-03-17 08:50:37,2016-03-17 09:50:37,39.74773,-84.172325,0.01,Dayton,OH,45.5,29.94,10.0,8.1,0.0,Clear,60.0
2,2016-03-17 08:58:06,2016-03-17 09:58:06,39.740417,-84.186539,0.01,Dayton,OH,45.5,29.94,10.0,8.1,0.0,Clear,60.0
2,2016-03-17 09:08:21,2016-03-17 09:38:21,39.625694,-84.200005,0.01,Dayton,OH,48.0,29.92,10.0,6.9,0.0,Clear,30.0
2,2016-03-17 09:30:29,2016-03-17 10:00:29,39.785046,-84.236137,0.0,Dayton,OH,50.0,29.94,10.0,18.4,0.0,Partly Cloudy,30.0
2,2016-03-17 11:10:37,2016-03-17 11:40:37,39.749626,-84.178291,0.0,Dayton,OH,55.0,29.94,10.0,13.8,0.0,Clear,30.0
2,2016-03-17 11:10:37,2016-03-17 13:29:20,39.783344,-84.253738,0.0,Dayton,OH,54.0,29.94,10.0,16.1,0.0,Partly Cloudy,138.71666666666667
2,2016-03-17 11:10:37,2016-03-17 13:29:20,39.820084,-84.16755699999999,0.01,Dayton,OH,54.0,29.94,10.0,16.1,0.0,Partly Cloudy,138.71666666666667
2,2016-03-17 11:10:37,2016-03-17 13:44:20,39.739201,-84.230324,0.0,Dayton,OH,54.0,29.94,10.0,16.1,0.0,Partly Cloudy,153.71666666666667
2,2016-03-17 11:10:37,2016-03-17 13:59:20,39.790916,-84.235085,0.01,Dayton,OH,54.0,29.94,10.0,16.1,0.0,Partly Cloudy,168.71666666666667
2,2016-03-17 14:50:41,2016-03-17 15:20:41,39.80933,-84.235146,0.0,Dayton,OH,55.0,29.92,10.0,21.9,0.0,Scattered Clouds,30.0
3,2016-03-17 17:28:00,2016-03-17 21:00:00,39.904541,-83.02684,0.01,Grove City,OH,57.2,29.89,10.0,16.1,0.0,Scattered Clouds,212.0
3,2016-03-17 20:18:00,2016-03-17 23:00:00,39.982506,-82.98451999999997,0.01,Columbus,OH,52.0,29.92,10.0,11.5,0.0,Scattered Clouds,162.0
2,2016-03-18 04:02:41,2016-03-18 04:32:41,39.75777100000001,-84.142036,0.0,Dayton,OH,38.3,29.98,10.0,7.0,0.0,Clear,30.0
2,2016-03-18 06:48:10,2016-03-18 07:18:10,39.736004,-84.14344799999998,0.0,Dayton,OH,39.7,30.0,10.0,3.5,0.0,Overcast,30.0
2,2016-03-18 07:10:13,2016-03-18 07:40:13,39.59872100000001,-84.161491,0.01,Dayton,OH,37.0,30.0,10.0,3.5,0.0,Clear,30.0
2,2016-03-18 09:09:35,2016-03-18 09:39:35,39.74004,-84.194923,0.01,Dayton,OH,46.0,30.02,10.0,10.4,0.0,Scattered Clouds,30.0
2,2016-03-18 10:55:02,2016-03-18 11:25:02,39.77626,-84.243752,0.01,Dayton,OH,50.0,30.06,10.0,12.7,0.0,Scattered Clouds,30.0
2,2016-03-18 11:10:12,2016-03-18 11:40:12,39.62394000000001,-84.194153,0.0,Dayton,OH,50.0,30.05,10.0,12.7,0.0,Clear,30.0
2,2016-03-18 11:44:25,2016-03-18 12:14:25,39.73232700000001,-84.163055,0.0,Dayton,OH,51.1,30.06,10.0,11.5,0.0,Clear,30.0
2,2016-03-18 11:44:25,2016-03-18 12:57:34,39.772064,-84.253517,0.01,Dayton,OH,52.0,30.07,10.0,15.0,0.0,Scattered Clouds,73.15
2,2016-03-18 13:27:13,2016-03-18 13:57:13,39.772064,-84.253517,0.01,Dayton,OH,55.0,30.06,10.0,17.3,0.0,Scattered Clouds,30.0
3,2016-03-18 13:52:00,2016-03-18 14:44:00,40.263664,-82.927452,0.01,Sunbury,OH,53.6,30.02,10.0,15.0,0.0,Clear,52.0
2,2016-03-18 14:16:10,2016-03-18 14:46:10,39.658939,-84.223244,0.01,Dayton,OH,55.9,30.06,10.0,17.3,0.0,Clear,30.0
2,2016-03-18 14:38:06,2016-03-18 15:08:06,39.67889,-84.221413,0.0,Dayton,OH,57.0,30.04,10.0,17.3,0.0,Clear,30.0
2,2016-03-18 14:39:06,2016-03-18 15:09:06,39.749786,-84.199493,0.01,Dayton,OH,55.4,30.04,10.0,19.6,0.0,Mostly Cloudy,30.0
2,2016-03-18 16:16:49,2016-03-18 16:46:49,39.745384,-84.183006,0.01,Dayton,OH,55.8,30.04,10.0,15.0,0.0,Mostly Cloudy,30.0
2,2016-03-18 16:36:53,2016-03-18 17:06:53,39.625694,-84.200005,0.01,Dayton,OH,55.9,30.02,10.0,12.7,0.0,Clear,30.0
3,2016-03-18 16:59:00,2016-03-18 21:00:00,40.120651,-82.973045,0.01,Westerville,OH,53.1,30.01,10.0,18.4,0.0,Mostly Cloudy,241.0
3,2016-03-18 17:44:00,2016-03-18 23:59:00,41.128685,-81.652153,0.01,Akron,OH,48.9,30.0,10.0,16.1,0.0,Mostly Cloudy,375.0
2,2016-03-18 18:15:34,2016-03-18 19:00:34,39.959805,-83.370483,0.01,London,OH,51.8,30.02,10.0,11.5,0.0,Clear,45.0
3,2016-06-21 10:34:40,2016-06-21 11:04:40,38.0853,-122.233017,0.0,Vallejo,CA,75.0,30.0,10.0,5.8,0.0,Clear,30.0
3,2016-06-21 10:30:16,2016-06-21 11:16:39,37.631813,-122.084167,0.0,Hayward,CA,75.0,30.06,10.0,4.6,0.0,Clear,46.38333333333333
2,2016-06-21 10:49:14,2016-06-21 11:19:14,37.896564,-122.070717,0.0,Walnut Creek,CA,82.9,29.97,10.0,4.6,0.0,Clear,30.0
3,2016-06-21 10:41:42,2016-06-21 11:11:42,37.334255,-122.032471,0.0,Cupertino,CA,75.9,30.04,10.0,4.6,0.0,Clear,30.0
2,2016-06-21 10:16:26,2016-06-21 11:04:16,37.250729,-121.910713,0.0,San Jose,CA,75.2,30.06,10.0,5.8,0.0,Clear,47.833333333333336
3,2016-06-21 10:31:06,2016-06-21 11:16:26,37.701584,-121.906929,0.0,Pleasanton,CA,82.9,30.0,10.0,5.8,0.0,Clear,45.333333333333336
3,2016-06-21 10:17:17,2016-06-21 11:03:50,37.328312,-121.871811,0.0,San Jose,CA,73.0,30.04,10.0,4.6,0.0,Partly Cloudy,46.55
3,2016-06-21 10:51:31,2016-06-21 11:21:31,37.719162,-122.448273,0.0,San Francisco,CA,71.1,30.04,10.0,4.6,0.0,Partly Cloudy,30.0
2,2016-06-21 10:56:00,2016-06-21 11:26:00,37.868114,-122.19593,0.0,Orinda,CA,82.9,29.97,10.0,4.6,0.0,Clear,30.0
3,2016-06-21 10:57:01,2016-06-21 11:27:01,37.700951,-121.80175,0.0,Livermore,CA,82.9,30.0,10.0,5.8,0.0,Clear,30.0
2,2016-06-21 11:02:59,2016-06-21 11:32:59,38.321342,-122.713707,0.0,Cotati,CA,80.6,30.04,10.0,5.8,0.0,Clear,30.0
2,2016-06-21 11:06:50,2016-06-21 11:36:50,38.005135,-122.037445,0.0,Concord,CA,82.9,29.97,10.0,4.6,0.0,Clear,30.0
3,2016-06-21 11:11:50,2016-06-21 11:41:50,37.70071400000001,-121.773895,0.0,Livermore,CA,82.9,30.0,10.0,5.8,0.0,Clear,30.0
2,2016-06-21 11:13:06,2016-06-21 11:43:06,37.395771,-122.012772,0.0,Sunnyvale,CA,75.9,30.04,10.0,4.6,0.0,Clear,30.0
3,2016-06-21 11:19:24,2016-06-21 11:49:24,37.701576,-121.872177,0.0,Dublin,CA,82.9,30.0,10.0,5.8,0.0,Clear,30.0
2,2016-06-21 11:16:14,2016-06-21 12:01:14,38.481682,-121.408768,0.0,Sacramento,CA,86.0,30.0,10.0,9.2,0.0,Clear,45.0
3,2016-06-21 11:16:55,2016-06-21 12:01:55,38.682713,-121.33628799999998,0.0,Sacramento,CA,86.0,30.01,10.0,9.2,0.0,Clear,45.0
2,2016-06-21 11:20:47,2016-06-21 11:50:47,37.391258,-121.995895,0.0,Sunnyvale,CA,75.9,30.04,10.0,4.6,0.0,Clear,30.0
2,2016-06-21 11:37:40,2016-06-21 12:07:40,37.775215,-122.220863,0.0,Oakland,CA,73.9,30.03,10.0,8.1,0.0,Partly Cloudy,30.0
2,2016-06-21 11:33:06,2016-06-21 12:03:06,37.418728,-121.970436,0.0,Alviso,CA,82.0,30.03,10.0,5.8,0.0,Clear,30.0
3,2016-06-21 11:30:58,2016-06-21 12:00:58,37.38237,-121.904358,0.0,San Jose,CA,84.0,30.01,10.0,8.1,0.0,Partly Cloudy,30.0
3,2016-06-21 11:34:23,2016-06-21 12:04:23,37.701363,-121.849533,0.0,Pleasanton,CA,88.0,29.99,10.0,4.6,0.0,Clear,30.0
2,2016-06-21 11:36:40,2016-06-21 12:06:40,37.131519,-121.633308,0.0,Morgan Hill,CA,86.0,30.02,10.0,12.7,0.0,Clear,30.0
2,2016-06-21 11:40:35,2016-06-21 12:10:35,38.303768,-122.708183,0.0,Petaluma,CA,82.4,30.04,10.0,3.5,0.0,Clear,30.0
3,2016-06-21 11:38:59,2016-06-21 12:08:59,38.026699,-122.113785,0.0,Martinez,CA,88.0,29.96,10.0,8.1,0.0,Clear,30.0
2,2016-06-21 11:56:59,2016-06-21 12:26:59,38.220692,-122.607536,0.0,Petaluma,CA,84.2,30.03,10.0,4.6,0.0,Clear,30.0
2,2016-06-21 11:52:03,2016-06-21 12:22:03,37.613815,-122.396652,0.0,Millbrae,CA,75.9,30.03,10.0,12.7,0.0,Partly Cloudy,30.0
3,2016-06-21 11:50:43,2016-06-21 12:35:43,38.646683,-121.376694,0.0,North Highlands,CA,87.8,30.0,10.0,9.2,0.0,Clear,45.0
3,2016-06-21 12:06:52,2016-06-21 12:36:52,37.66637,-122.107491,0.0,Hayward,CA,77.0,30.05,10.0,8.1,0.0,Clear,30.0
3,2016-06-21 12:13:43,2016-06-21 12:43:43,37.70071400000001,-121.773895,0.0,Livermore,CA,88.0,29.99,10.0,4.6,0.0,Clear,30.0
2,2016-06-21 12:21:52,2016-06-21 12:51:52,38.54702,-122.808311,0.0,Windsor,CA,82.9,29.98,10.0,5.8,0.0,Clear,30.0
3,2016-06-21 12:20:59,2016-06-21 12:50:59,37.856171,-122.029907,0.0,Alamo,CA,88.0,29.96,10.0,8.1,0.0,Clear,30.0
2,2016-06-21 12:29:00,2016-06-21 12:59:00,37.119289,-121.626114,0.0,Morgan Hill,CA,89.6,30.01,10.0,10.4,0.0,Clear,30.0
2,2016-06-21 12:28:17,2016-06-21 12:58:17,37.088932,-121.59922,0.0,San Martin,CA,89.6,30.01,10.0,10.4,0.0,Clear,30.0
2,2016-06-21 12:32:53,2016-06-21 13:02:53,38.601768,-122.864983,0.0,Healdsburg,CA,90.0,29.96,10.0,4.6,0.0,Partly Cloudy,30.0
2,2016-06-21 12:39:41,2016-06-21 13:09:41,37.701061,-122.393188,0.0,Brisbane,CA,73.0,30.02,10.0,19.6,0.0,Partly Cloudy,30.0
2,2016-06-21 12:33:43,2016-06-21 13:03:43,37.448879,-122.12313799999998,0.0,Palo Alto,CA,82.4,30.01,30.0,13.8,0.0,Clear,30.0
3,2016-06-21 12:46:38,2016-06-21 13:16:38,37.732746,-122.404938,0.0,San Francisco,CA,73.0,30.02,10.0,19.6,0.0,Partly Cloudy,30.0
2,2016-06-21 12:58:04,2016-06-21 13:28:04,37.749485,-122.403236,0.0,San Francisco,CA,77.0,30.03,10.0,11.5,0.0,Partly Cloudy,30.0
3,2016-06-21 12:52:56,2016-06-21 13:22:56,37.454247,-121.923073,0.0,Milpitas,CA,87.1,30.01,10.0,9.2,0.0,Partly Cloudy,30.0
3,2016-06-21 12:53:58,2016-06-21 13:23:58,37.401531,-121.908859,0.0,San Jose,CA,87.1,30.01,10.0,9.2,0.0,Partly Cloudy,30.0
3,2016-06-21 12:54:27,2016-06-21 13:39:27,38.563538,-121.637466,0.0,Davis,CA,91.4,29.99,10.0,5.8,0.0,Clear,45.0
3,2016-06-21 13:02:04,2016-06-21 13:32:04,37.825397,-122.304802,0.0,Oakland,CA,77.0,30.03,10.0,11.5,0.0,Partly Cloudy,30.0
3,2016-06-21 13:03:25,2016-06-21 13:33:25,37.8009,-122.228767,0.0,Oakland,CA,77.0,30.03,10.0,11.5,0.0,Partly Cloudy,30.0
3,2016-06-21 13:15:59,2016-06-21 13:45:59,37.31665,-121.945389,0.0,San Jose,CA,87.1,30.01,10.0,9.2,0.0,Partly Cloudy,30.0
2,2016-06-21 13:18:11,2016-06-21 14:03:11,38.36479600000001,-121.350449,0.0,Elk Grove,CA,91.9,29.97,10.0,6.9,0.0,Clear,45.0
3,2016-06-21 13:27:20,2016-06-21 14:13:00,38.551689,-121.699516,0.0,Davis,CA,93.2,29.97,10.0,3.5,0.0,Clear,45.666666666666664
2,2016-06-21 13:23:19,2016-06-21 14:08:19,38.618011,-121.401459,0.0,Sacramento,CA,91.4,29.98,10.0,6.9,0.0,Clear,45.0
2,2016-06-21 13:35:09,2016-06-21 14:05:09,37.49221,-122.386093,0.0,Half Moon Bay,CA,60.8,30.07,2.5,17.3,0.0,Haze,30.0
2,2016-06-21 13:34:39,2016-06-21 14:04:39,37.46876500000001,-122.155205,0.0,Menlo Park,CA,80.6,30.0,30.0,13.8,0.0,Clear,30.0
2,2016-06-21 13:38:18,2016-06-21 14:23:18,38.452553,-121.37175,0.0,Elk Grove,CA,93.9,29.96,10.0,6.9,0.0,Clear,45.0
3,2016-06-21 13:59:18,2016-06-21 14:29:18,37.741356,-121.580826,0.0,Tracy,CA,93.9,29.96,10.0,4.6,0.0,Clear,30.0
2,2016-06-21 13:59:57,2016-06-21 14:44:57,38.668053,-121.31208,0.0,Carmichael,CA,93.2,29.97,9.0,6.9,0.0,Clear,45.0
3,2016-06-21 14:06:34,2016-06-21 14:36:34,37.78735,-122.247955,0.0,Oakland,CA,79.0,30.01,10.0,12.7,0.0,Partly Cloudy,30.0
2,2016-06-21 14:03:09,2016-06-21 14:48:10,38.781418,-121.145889,0.0,Granite Bay,CA,93.2,29.97,9.0,6.9,0.0,Clear,45.016666666666666
3,2016-06-21 14:16:46,2016-06-21 14:46:46,37.608707,-122.068192,0.0,Union City,CA,82.9,30.03,10.0,11.5,0.0,Clear,30.0
3,2016-06-21 14:17:32,2016-06-21 15:17:32,38.547523,-121.717918,0.0,Davis,CA,93.2,29.96,10.0,7.0,0.0,Clear,60.0
2,2016-06-21 14:41:50,2016-06-21 15:11:50,37.977779,-122.06575,0.0,Pleasant Hill,CA,98.1,29.91,10.0,11.5,0.0,Clear,30.0
2,2016-06-21 14:34:20,2016-06-21 15:04:20,37.339455,-121.852043,0.0,San Jose,CA,93.2,29.99,10.0,15.0,0.0,Clear,30.0
2,2016-06-21 14:49:07,2016-06-21 15:19:07,37.553684,-122.296257,0.0,San Mateo,CA,84.2,29.99,10.0,10.4,0.0,Partly Cloudy,30.0
3,2016-06-21 14:57:48,2016-06-21 15:27:48,37.731983,-122.415413,0.0,San Francisco,CA,71.1,30.0,10.0,24.2,0.0,Partly Cloudy,30.0
3,2016-06-21 14:53:08,2016-06-21 15:23:08,37.854485,-122.219765,0.0,Oakland,CA,77.0,30.0,10.0,15.0,0.0,Partly Cloudy,30.0
2,2016-06-21 14:51:55,2016-06-21 15:21:55,37.992588,-122.039635,0.0,Concord,CA,98.1,29.91,10.0,11.5,0.0,Clear,30.0
2,2016-06-21 14:52:37,2016-06-21 15:37:37,38.58997,-121.26548,0.0,Rancho Cordova,CA,96.8,29.93,10.0,10.4,0.0,Clear,45.0
2,2016-06-21 15:09:59,2016-06-21 15:54:59,39.328636,-121.11116,0.0,Nevada City,CA,87.8,30.12,10.0,8.1,0.0,Clear,45.0
2,2016-06-21 15:23:34,2016-06-21 16:08:34,38.481689,-121.396133,0.0,Sacramento,CA,97.0,29.91,10.0,3.5,0.0,Clear,45.0
3,2016-06-21 16:02:09,2016-06-21 16:32:09,37.462418,-122.144402,0.0,Palo Alto,CA,78.8,29.97,30.0,17.3,0.0,Clear,30.0
3,2016-06-21 15:55:54,2016-06-21 16:25:54,38.404911,-121.912468,0.0,Vacaville,CA,99.0,29.92,10.0,8.1,0.0,Clear,30.0
2,2016-06-21 15:56:52,2016-06-21 16:56:52,38.744423,-121.247093,0.0,Roseville,CA,95.0,29.92,10.0,8.1,0.0,Clear,60.0
2,2016-06-21 16:16:25,2016-06-21 17:01:25,38.203735,-121.556808,0.0,Isleton,CA,96.8,29.91,10.0,10.4,0.0,Clear,45.0
3,2016-06-21 16:47:53,2016-06-21 17:17:53,38.671062,-121.591881,0.0,Sacramento,CA,97.0,29.88,10.0,5.8,0.0,Clear,30.0
2,2016-06-21 17:55:06,2016-06-21 18:25:06,38.566139,-121.336296,0.0,Sacramento,CA,98.6,29.87,10.0,4.6,0.0,Clear,30.0
2,2016-06-21 18:48:19,2016-06-21 19:18:19,38.846264,-121.299644,0.0,Lincoln,CA,96.8,29.86,10.0,3.5,0.0,Clear,30.0
3,2016-06-21 18:58:58,2016-06-21 19:28:58,38.564201,-121.513878,0.0,Sacramento,CA,93.9,29.87,10.0,12.7,0.0,Clear,30.0
2,2016-06-21 19:21:38,2016-06-21 20:06:38,38.682323,-120.847435,0.0,El Dorado,CA,86.0,30.06,10.0,3.5,0.0,Clear,45.0
2,2016-06-21 19:36:26,2016-06-21 20:06:26,37.923492,-122.513168,0.0,Corte Madera,CA,77.0,29.94,10.0,3.5,0.0,Clear,30.0
3,2016-06-21 19:38:23,2016-06-21 20:08:23,37.692444,-122.140167,0.0,San Leandro,CA,66.0,29.99,10.0,8.1,0.0,Clear,30.0
3,2016-06-21 19:34:13,2016-06-21 20:04:13,37.804386,-121.989738,0.0,Danville,CA,84.0,29.88,10.0,11.5,0.0,Clear,30.0
2,2016-06-21 19:45:28,2016-06-21 20:15:28,37.252171,-121.95821399999998,0.0,Los Gatos,CA,73.0,29.97,10.0,12.7,0.0,Clear,30.0
3,2016-06-21 19:46:41,2016-06-21 20:16:41,37.701649,-121.911278,0.0,Pleasanton,CA,80.1,29.93,10.0,9.2,0.0,Clear,30.0
2,2016-06-21 20:03:18,2016-06-21 20:33:18,37.807072,-122.475616,0.0,San Francisco,CA,61.0,29.98,10.0,20.7,0.0,Partly Cloudy,30.0
3,2016-06-21 20:02:45,2016-06-21 20:32:45,37.690559,-122.074669,0.0,Castro Valley,CA,66.0,29.99,10.0,8.1,0.0,Clear,30.0
3,2016-06-21 20:03:23,2016-06-21 20:48:23,37.766987,-121.335495,0.0,Tracy,CA,88.0,29.89,10.0,15.0,0.0,Clear,45.0
3,2016-06-21 20:19:38,2016-06-21 20:49:38,37.700043,-121.779655,0.0,Livermore,CA,80.1,29.93,10.0,9.2,0.0,Clear,30.0
3,2016-06-21 20:38:09,2016-06-21 21:08:09,37.933292,-121.296669,0.0,Stockton,CA,81.0,29.9,10.0,6.9,0.0,Clear,30.0
2,2016-06-21 20:48:42,2016-06-21 21:33:42,39.411289,-123.354477,0.0,Willits,CA,78.1,29.94,10.0,9.2,0.0,Clear,45.0
2,2016-06-21 21:18:10,2016-06-21 21:48:10,38.556145,-121.443192,0.0,Sacramento,CA,80.1,29.88,10.0,9.2,0.0,Clear,30.0
3,2016-06-21 21:39:20,2016-06-21 22:09:20,38.74008900000001,-121.273468,0.0,Roseville,CA,80.6,29.89,10.0,9.2,0.0,Clear,30.0
3,2016-06-21 21:42:40,2016-06-21 22:27:40,38.74008900000001,-121.273468,0.0,Roseville,CA,80.6,29.89,10.0,9.2,0.0,Clear,45.0
2,2016-06-21 21:33:47,2016-06-21 22:18:47,38.74398400000001,-121.226074,0.0,Granite Bay,CA,80.6,29.89,10.0,9.2,0.0,Clear,45.0
2,2016-06-21 21:45:26,2016-06-21 22:15:26,38.477348,-122.73214,0.0,Santa Rosa,CA,59.0,29.92,8.0,4.6,0.0,Clear,30.0
3,2016-06-21 22:01:11,2016-06-21 22:31:11,37.364136,-122.124481,0.0,Los Altos,CA,64.0,30.01,10.0,10.4,0.0,Clear,30.0
3,2016-06-21 22:02:04,2016-06-21 22:32:04,37.314922,-121.910576,0.0,San Jose,CA,64.9,29.99,10.0,5.8,0.0,Clear,30.0
2,2016-06-21 22:26:36,2016-06-21 22:56:36,37.955566,-122.370888,0.0,Richmond,CA,72.0,29.89,10.0,10.4,0.0,Clear,30.0
3,2016-06-21 22:55:09,2016-06-21 23:25:09,38.501938,-121.789146,0.0,Dixon,CA,69.8,29.89,10.0,4.6,0.0,Clear,30.0
2,2016-06-21 23:46:57,2016-06-22 00:31:57,38.714298,-121.540237,0.0,Sacramento,CA,71.1,29.87,10.0,9.2,0.0,Clear,45.0
3,2016-06-22 00:29:47,2016-06-22 00:59:47,37.69278,-122.101685,0.0,Hayward,CA,59.0,30.02,10.0,8.1,0.0,Clear,30.0
2,2016-06-22 00:29:20,2016-06-22 01:30:00,39.267353,-121.02877,0.0,Nevada City,CA,73.4,30.08,10.0,7.0,0.0,Clear,60.666666666666664
2,2016-06-22 00:40:26,2016-06-22 01:10:26,39.098984,-122.804314,0.0,Nice,CA,64.0,29.94,10.0,7.0,0.0,Clear,30.0
3,2016-06-22 01:24:26,2016-06-22 02:24:26,37.785709,-122.244514,0.0,Oakland,CA,57.9,29.99,10.0,6.9,0.0,Partly Cloudy,60.0
2,2016-06-22 01:23:44,2016-06-22 02:23:44,37.996063,-121.785194,0.0,Antioch,CA,62.1,29.89,10.0,16.1,0.0,Clear,60.0
2,2016-06-22 01:59:16,2016-06-22 02:59:16,38.558533,-122.447746,0.0,Angwin,CA,52.0,29.92,7.0,7.0,0.0,Clear,60.0
3,2016-06-22 02:01:25,2016-06-22 03:01:25,37.926357,-122.060768,0.0,Walnut Creek,CA,62.1,29.89,10.0,16.1,0.0,Clear,60.0
3,2016-06-22 02:43:31,2016-06-22 03:43:31,37.352432,-121.837746,0.0,San Jose,CA,64.4,30.02,10.0,5.8,0.0,Clear,60.0
2,2016-06-22 03:46:12,2016-06-22 04:46:12,37.301517,-121.876823,0.0,San Jose,CA,59.0,29.97,10.0,3.5,0.0,Clear,60.0
3,2016-06-22 04:31:35,2016-06-22 05:31:35,37.808498,-122.366852,0.0,San Francisco,CA,55.9,29.98,10.0,10.4,0.0,Mostly Cloudy,60.0
2,2016-06-22 05:53:46,2016-06-22 06:38:46,37.674477,-122.100662,0.0,Hayward,CA,57.0,30.01,8.0,8.1,0.0,Partly Cloudy,45.0
3,2016-06-22 05:45:14,2016-06-22 06:30:14,37.549904,-122.025429,0.0,Newark,CA,57.2,29.99,8.0,7.0,0.0,Haze,45.0
2,2016-06-22 06:46:30,2016-06-22 07:28:00,38.176636,-122.594177,0.0,Novato,CA,50.0,29.98,5.0,7.0,0.0,Clear,41.5
2,2016-06-22 06:40:26,2016-06-22 07:25:26,37.590557,-122.36186200000002,0.0,Burlingame,CA,55.9,30.0,10.0,10.4,0.0,Partly Cloudy,45.0
3,2016-06-22 07:07:21,2016-06-22 07:52:21,38.606236,-121.508064,0.0,Sacramento,CA,64.4,29.92,7.0,12.7,0.0,Clear,45.0
3,2016-06-22 08:01:02,2016-06-22 08:46:36,37.57436,-121.88523899999998,0.0,Sunol,CA,62.1,29.97,10.0,8.1,0.0,Clear,45.56666666666667
2,2016-06-22 08:43:06,2016-06-22 09:28:06,38.692123,-120.886917,0.0,Placerville,CA,77.0,30.03,10.0,6.9,0.0,Clear,45.0
3,2016-06-22 09:11:07,2016-06-22 09:41:07,38.242306,-122.08654,0.0,Fairfield,CA,62.1,29.96,10.0,10.4,0.0,Clear,30.0
2,2016-06-22 09:16:22,2016-06-22 09:46:22,37.036915,-122.042366,0.0,Scotts Valley,CA,57.0,30.03,8.0,7.0,0.0,Overcast,30.0
3,2016-06-22 09:12:40,2016-06-22 09:42:40,37.708939,-121.723686,0.0,Livermore,CA,66.0,29.97,10.0,8.1,0.0,Clear,30.0
2,2016-06-22 09:26:11,2016-06-22 10:11:11,38.094425,-120.944992,0.0,Linden,CA,80.1,29.93,10.0,4.6,0.0,Clear,45.0
2,2016-06-22 09:47:26,2016-06-22 10:17:26,37.359665,-121.995987,0.0,Santa Clara,CA,70.0,30.0,10.0,6.9,0.0,Clear,30.0
3,2016-06-22 10:03:15,2016-06-22 10:33:15,37.986759,-122.31488,0.0,San Pablo,CA,72.0,29.92,10.0,12.7,0.0,Clear,30.0
3,2016-06-22 10:04:15,2016-06-22 10:34:15,37.997124,-122.286018,0.0,Pinole,CA,72.0,29.92,10.0,12.7,0.0,Clear,30.0
2,2016-06-22 10:08:16,2016-06-22 10:38:16,37.488846,-122.212852,0.0,Redwood City,CA,66.2,30.01,10.0,10.4,0.0,Partly Cloudy,30.0
2,2016-06-22 10:11:14,2016-06-22 10:56:14,38.578747,-121.307381,0.0,Rancho Cordova,CA,73.4,29.93,10.0,5.8,0.0,Clear,45.0
3,2016-06-22 10:21:08,2016-06-22 10:51:08,37.598789,-122.060852,0.0,Union City,CA,61.0,30.05,10.0,12.7,0.0,Partly Cloudy,30.0
2,2016-06-22 10:18:36,2016-06-22 10:48:36,38.005135,-122.037445,0.0,Concord,CA,72.0,29.92,10.0,12.7,0.0,Clear,30.0
3,2016-06-22 10:14:58,2016-06-22 10:44:58,37.701225,-121.92247,0.0,Dublin,CA,70.0,29.97,10.0,6.9,0.0,Clear,30.0
3,2016-06-22 10:17:01,2016-06-22 11:02:01,38.686363,-121.33287,0.0,Sacramento,CA,75.2,29.94,7.0,9.2,0.0,Clear,45.0
2,2016-06-22 10:26:47,2016-06-22 10:56:47,37.506924,-122.341293,0.0,Redwood City,CA,66.2,30.02,10.0,13.8,0.0,Partly Cloudy,30.0
2,2016-06-22 10:22:06,2016-06-22 10:52:06,36.666836,-121.684853,0.0,Salinas,CA,64.0,30.04,8.0,6.9,0.0,Clear,30.0
3,2016-06-22 10:33:41,2016-06-22 11:03:41,37.798454,-122.274803,0.0,Oakland,CA,61.0,30.03,10.0,6.9,0.0,Mostly Cloudy,30.0
3,2016-06-22 10:49:43,2016-06-22 11:19:43,38.522472,-121.521584,0.0,Sacramento,CA,77.0,29.93,10.0,6.9,0.0,Clear,30.0
2,2016-06-22 11:00:11,2016-06-22 11:30:11,38.069008,-122.53876499999998,0.0,Novato,CA,69.8,29.98,10.0,8.1,0.0,Clear,30.0
2,2016-06-22 11:02:15,2016-06-22 11:32:15,38.149895,-122.451241,0.0,Petaluma,CA,68.0,30.0,9.0,6.9,0.0,Clear,30.0
3,2016-06-22 10:53:26,2016-06-22 11:23:26,37.910786,-122.31713899999998,0.0,Richmond,CA,75.0,29.92,10.0,16.1,0.0,Clear,30.0
2,2016-06-22 10:54:18,2016-06-22 11:24:18,37.861332,-122.210243,0.0,Orinda,CA,75.0,29.92,10.0,16.1,0.0,Clear,30.0
2,2016-06-22 10:58:22,2016-06-22 11:28:22,36.992775,-121.957268,0.0,Soquel,CA,66.9,30.03,10.0,4.6,0.0,Clear,30.0
2,2016-06-22 10:57:43,2016-06-22 11:27:43,36.609657,-121.898407,0.0,Monterey,CA,57.9,30.1,8.0,10.4,0.0,Scattered Clouds,30.0
3,2016-06-22 10:52:25,2016-06-22 11:22:25,37.700855,-121.81778,0.0,Livermore,CA,75.0,29.97,10.0,10.4,0.0,Clear,30.0
2,2016-06-22 10:57:10,2016-06-22 11:27:10,36.676228,-121.701744,0.0,Salinas,CA,63.0,30.05,9.0,15.0,0.0,Clear,30.0
3,2016-06-22 11:04:27,2016-06-22 11:34:27,38.100746,-122.229858,0.0,Vallejo,CA,69.1,29.95,10.0,13.8,0.0,Clear,30.0
3,2016-06-22 11:05:21,2016-06-22 11:35:21,37.495384,-121.923294,0.0,Fremont,CA,66.9,30.03,10.0,9.2,0.0,Clear,30.0
3,2016-06-22 11:03:22,2016-06-22 11:33:22,37.434715,-121.888161,0.0,Milpitas,CA,72.0,30.01,10.0,6.9,0.0,Clear,30.0
3,2016-06-22 11:11:09,2016-06-22 11:41:09,37.588905,-121.870926,0.0,Sunol,CA,75.0,29.97,10.0,10.4,0.0,Clear,30.0
3,2016-06-22 11:21:36,2016-06-22 11:51:36,38.022526,-122.262299,0.0,Hercules,CA,75.0,29.92,10.0,16.1,0.0,Clear,30.0
3,2016-06-22 11:19:53,2016-06-22 11:49:53,37.740906,-122.196472,0.0,Oakland,CA,62.1,30.03,10.0,8.1,0.0,Scattered Clouds,30.0
3,2016-06-22 11:18:40,2016-06-22 11:48:40,38.02545900000001,-122.112236,0.0,Martinez,CA,75.0,29.92,10.0,16.1,0.0,Clear,30.0
3,2016-06-22 11:24:04,2016-06-22 11:54:04,37.605614,-121.872658,0.0,Sunol,CA,78.1,29.97,10.0,9.2,0.0,Clear,30.0
2,2016-06-22 11:13:07,2016-06-22 11:43:07,36.624298,-121.841774,0.0,Seaside,CA,57.9,30.06,8.0,11.5,0.0,Overcast,30.0
2,2016-06-22 11:23:11,2016-06-22 11:53:11,37.318287,-121.831551,0.0,San Jose,CA,77.0,30.02,10.0,16.1,0.0,Clear,30.0
2,2016-06-22 11:19:52,2016-06-22 12:04:52,38.510151,-121.459702,0.0,Sacramento,CA,77.0,29.93,10.0,6.9,0.0,Clear,45.0
3,2016-06-22 11:17:24,2016-06-22 12:02:24,38.644184,-121.38831299999998,0.0,Sacramento,CA,80.6,29.94,8.0,8.1,0.0,Clear,45.0
2,2016-06-22 11:24:03,2016-06-22 12:09:03,38.559532,-121.373085,0.0,Sacramento,CA,82.4,29.93,10.0,5.8,0.0,Clear,45.0
3,2016-06-22 11:26:59,2016-06-22 11:56:59,37.74055900000001,-121.58578500000002,0.0,Tracy,CA,78.1,29.97,10.0,9.2,0.0,Clear,30.0
3,2016-06-22 11:45:37,2016-06-22 12:15:37,37.997124,-122.286018,0.0,Pinole,CA,78.1,29.92,10.0,17.3,0.0,Clear,30.0
2,2016-06-22 11:40:37,2016-06-22 12:10:37,37.337513,-122.059784,0.0,Cupertino,CA,69.1,30.03,10.0,10.4,0.0,Clear,30.0
2,2016-06-22 12:09:08,2016-06-22 12:39:08,37.276817,-122.007233,0.0,Saratoga,CA,72.0,30.01,10.0,10.4,0.0,Clear,30.0
2,2016-06-22 12:04:35,2016-06-22 12:49:35,38.494873,-121.45028700000002,0.0,Sacramento,CA,81.0,29.93,10.0,5.8,0.0,Clear,45.0
2,2016-06-22 12:03:52,2016-06-22 12:48:52,38.409306,-121.35331,0.0,Elk Grove,CA,81.0,29.93,10.0,5.8,0.0,Clear,45.0
3,2016-06-22 12:24:23,2016-06-22 12:54:23,37.89658,-122.071281,0.0,Walnut Creek,CA,81.0,29.91,10.0,15.0,0.0,Clear,30.0
2,2016-06-22 12:22:52,2016-06-22 13:07:52,37.955479,-121.324814,0.0,Stockton,CA,88.0,29.93,10.0,11.5,0.0,Clear,45.0
3,2016-06-22 12:42:09,2016-06-22 13:12:09,38.022526,-122.262299,0.0,Hercules,CA,81.0,29.91,10.0,15.0,0.0,Clear,30.0
3,2016-06-22 12:29:21,2016-06-22 12:59:21,37.687485,-122.133484,0.0,San Leandro,CA,64.0,30.05,10.0,11.5,0.0,Clear,30.0
3,2016-06-22 12:41:12,2016-06-22 13:11:12,37.334255,-122.032471,0.0,Cupertino,CA,69.1,30.03,10.0,11.5,0.0,Clear,30.0
2,2016-06-22 12:31:22,2016-06-22 13:01:22,37.381866,-121.963829,0.0,Santa Clara,CA,73.9,30.0,10.0,11.5,0.0,Clear,30.0
2,2016-06-22 12:46:58,2016-06-22 13:16:58,37.704407,-122.394241,0.0,Brisbane,CA,63.0,30.03,10.0,21.9,0.0,Partly Cloudy,30.0
3,2016-06-22 12:43:29,2016-06-22 13:13:29,38.169338,-122.199928,0.0,American Canyon,CA,73.9,29.94,10.0,15.0,0.0,Clear,30.0
3,2016-06-22 12:56:27,2016-06-22 13:26:27,37.795124,-122.266594,0.0,Oakland,CA,64.9,30.02,10.0,11.5,0.0,Partly Cloudy,30.0
2,2016-06-22 12:53:01,2016-06-22 13:23:01,37.276817,-122.007233,0.0,Saratoga,CA,73.9,30.0,10.0,11.5,0.0,Clear,30.0
3,2016-06-22 13:05:41,2016-06-22 13:35:41,37.756107,-122.392464,0.0,San Francisco,CA,64.9,30.02,10.0,11.5,0.0,Partly Cloudy,30.0
3,2016-06-22 13:05:08,2016-06-22 13:35:08,37.793484,-122.263992,0.0,Oakland,CA,64.9,30.02,10.0,11.5,0.0,Partly Cloudy,30.0
2,2016-06-22 13:18:24,2016-06-22 13:48:24,37.877388,-122.184158,0.0,Orinda,CA,81.0,29.91,10.0,15.0,0.0,Clear,30.0
2,2016-06-22 13:19:25,2016-06-22 14:04:25,38.478897,-121.421066,0.0,Sacramento,CA,84.0,29.92,10.0,8.1,0.0,Clear,45.0
2,2016-06-22 13:42:52,2016-06-22 14:12:52,37.54932,-122.292496,0.0,San Mateo,CA,71.6,30.0,10.0,12.7,0.0,Partly Cloudy,30.0
2,2016-06-22 13:42:22,2016-06-22 14:27:22,38.588772,-121.404259,0.0,Sacramento,CA,89.6,29.91,9.0,3.5,0.0,Clear,45.0
3,2016-06-22 13:54:49,2016-06-22 14:24:49,37.76329000000001,-122.216171,0.0,Oakland,CA,64.9,30.02,10.0,9.2,0.0,Partly Cloudy,30.0
2,2016-06-22 13:53:36,2016-06-22 14:23:36,37.994179,-122.074287,0.0,Martinez,CA,82.9,29.9,10.0,13.8,0.0,Clear,30.0
3,2016-06-22 14:00:36,2016-06-22 14:47:00,38.641266,-121.473755,0.0,Sacramento,CA,89.6,29.91,9.0,7.0,0.0,Clear,46.4
3,2016-06-22 14:00:36,2016-06-22 14:45:36,38.631653,-121.397972,0.0,Sacramento,CA,89.6,29.91,9.0,7.0,0.0,Clear,45.0
3,2016-06-22 14:04:35,2016-06-22 14:34:35,37.560719,-122.035637,0.0,Newark,CA,69.8,30.0,10.0,18.4,0.0,Clear,30.0
2,2016-06-22 14:04:29,2016-06-22 14:49:29,38.343533,-121.335594,0.0,Wilton,CA,89.6,29.9,10.0,9.2,0.0,Clear,45.0
3,2016-06-22 14:16:51,2016-06-22 15:01:51,38.546047,-121.509056,0.0,Sacramento,CA,87.1,29.9,10.0,5.8,0.0,Clear,45.0
2,2016-06-22 14:31:14,2016-06-22 15:01:14,38.026489,-121.960167,0.0,Pittsburg,CA,84.0,29.89,10.0,12.7,0.0,Clear,30.0
2,2016-06-22 14:29:28,2016-06-22 15:17:00,39.202377,-121.062012,0.0,Grass Valley,CA,84.2,30.06,10.0,6.9,0.0,Clear,47.53333333333333
2,2016-06-22 14:40:35,2016-06-22 15:10:35,36.988647,-121.982933,0.0,Santa Cruz,CA,71.1,30.0,10.0,9.2,0.0,Clear,30.0
2,2016-06-22 14:50:47,2016-06-22 15:20:47,37.539642,-121.923859,0.0,Fremont,CA,70.0,30.01,10.0,12.7,0.0,Clear,30.0
2,2016-06-22 14:52:35,2016-06-22 15:37:35,38.116135,-121.395554,0.0,Lodi,CA,95.0,29.9,10.0,11.5,0.0,Clear,45.0
2,2016-06-22 14:56:21,2016-06-22 15:26:21,38.23616,-122.461472,0.0,Sonoma,CA,75.2,29.99,10.0,11.5,0.0,Clear,30.0
2,2016-06-22 15:22:39,2016-06-22 15:52:39,38.676525,-121.359612,0.0,Sacramento,CA,93.2,29.89,10.0,8.1,0.0,Clear,30.0
3,2016-06-22 15:36:39,2016-06-22 16:06:39,37.784885,-122.39267,0.0,San Francisco,CA,66.0,30.01,10.0,13.8,0.0,Partly Cloudy,30.0
3,2016-06-22 15:37:17,2016-06-22 16:07:17,37.351471,-121.91433700000002,0.0,San Jose,CA,75.0,29.98,10.0,13.8,0.0,Clear,30.0
2,2016-06-22 15:54:24,2016-06-22 16:24:24,38.937412,-121.095352,0.0,Auburn,CA,91.4,29.97,10.0,5.8,0.0,Clear,30.0
3,2016-06-22 15:55:13,2016-06-22 16:25:13,38.772587,-121.253479,0.0,Roseville,CA,93.2,29.88,10.0,10.4,0.0,Clear,30.0
2,2016-06-22 15:55:51,2016-06-22 16:25:51,39.300751,-121.029884,0.0,Nevada City,CA,84.2,30.05,10.0,5.8,0.0,Clear,30.0
3,2016-06-22 16:30:45,2016-06-22 17:00:45,37.410072,-121.879219,0.0,Milpitas,CA,73.0,29.98,10.0,16.1,0.0,Clear,30.0
2,2016-06-22 16:45:30,2016-06-22 17:15:30,38.675251,-121.352432,0.0,Sacramento,CA,93.2,29.87,10.0,11.5,0.0,Clear,30.0
2,2016-06-22 16:50:46,2016-06-22 17:20:46,38.667656,-121.33844,0.0,Sacramento,CA,93.2,29.87,9.0,10.4,0.0,Clear,30.0
2,2016-06-22 16:44:48,2016-06-22 17:14:48,38.678547,-121.235008,0.0,Orangevale,CA,93.2,29.87,10.0,11.5,0.0,Clear,30.0
2,2016-06-22 16:44:23,2016-06-22 17:14:23,39.143547,-121.061333,0.0,Grass Valley,CA,86.0,30.05,10.0,4.6,0.0,Clear,30.0
3,2016-06-22 17:47:35,2016-06-22 18:32:35,38.552616,-121.69381,0.0,Davis,CA,89.6,29.85,10.0,8.1,0.0,Clear,45.0
2,2016-06-22 17:44:46,2016-06-22 18:29:46,37.570854,-122.032478,0.0,Fremont,CA,63.0,30.02,10.0,9.2,0.0,Clear,45.0
3,2016-06-22 17:56:42,2016-06-22 18:41:42,38.945255,-121.046089,0.0,Auburn,CA,91.4,29.95,10.0,6.9,0.0,Clear,45.0
2,2016-06-22 18:06:34,2016-06-22 18:51:34,38.929756,-121.08866100000002,0.0,Auburn,CA,91.4,29.95,10.0,8.1,0.0,Clear,45.0
3,2016-06-22 18:13:45,2016-06-22 18:43:45,37.31652800000001,-121.911858,0.0,San Jose,CA,72.0,29.98,10.0,11.5,0.0,Clear,30.0
3,2016-06-22 18:26:43,2016-06-22 18:56:43,37.315025,-121.909073,0.0,San Jose,CA,71.1,29.99,10.0,9.2,0.0,Clear,30.0
3,2016-06-22 18:45:07,2016-06-22 19:15:07,37.830669,-122.293343,0.0,Emeryville,CA,63.0,30.0,10.0,11.5,0.0,Partly Cloudy,30.0
3,2016-06-22 18:54:05,2016-06-22 19:24:05,37.641117,-122.406021,0.0,South San Francisco,CA,62.1,30.0,10.0,12.7,0.0,Partly Cloudy,30.0
3,2016-06-22 18:52:35,2016-06-22 19:22:35,37.693237,-122.052116,0.0,Castro Valley,CA,64.0,30.03,10.0,12.7,0.0,Clear,30.0
3,2016-06-22 19:02:49,2016-06-22 19:32:49,37.852394,-122.029083,0.0,Alamo,CA,75.9,29.88,10.0,16.1,0.0,Clear,30.0
2,2016-06-22 18:53:20,2016-06-22 19:38:20,38.373032,-121.358482,0.0,Elk Grove,CA,84.0,29.85,10.0,9.2,0.0,Clear,45.0
3,2016-06-22 19:21:16,2016-06-22 19:51:16,38.64341,-121.434265,0.0,Sacramento,CA,86.0,29.86,9.0,10.4,0.0,Clear,30.0
3,2016-06-22 19:27:10,2016-06-22 20:12:10,38.537041,-121.739067,0.0,Davis,CA,84.2,29.85,10.0,10.4,0.0,Clear,45.0
3,2016-06-22 19:25:00,2016-06-22 20:10:00,38.559505,-121.467201,0.0,Sacramento,CA,78.1,29.86,10.0,8.1,0.0,Clear,45.0
3,2016-06-22 19:38:29,2016-06-22 20:23:29,38.546028,-121.509315,0.0,Sacramento,CA,78.1,29.86,10.0,8.1,0.0,Clear,45.0
3,2016-06-22 19:39:03,2016-06-22 20:24:03,38.942398,-121.09426100000002,0.0,Auburn,CA,87.8,29.95,10.0,8.1,0.0,Clear,45.0
3,2016-06-22 19:50:32,2016-06-22 20:35:32,38.618366,-121.529411,0.0,Sacramento,CA,82.4,29.87,9.0,12.7,0.0,Clear,45.0
3,2016-06-22 19:49:43,2016-06-22 20:34:43,37.779552,-121.314514,0.0,Lathrop,CA,81.0,29.88,10.0,16.1,0.0,Clear,45.0
3,2016-06-22 19:52:44,2016-06-22 20:37:44,37.851658,-121.282875,0.0,Lathrop,CA,81.0,29.88,10.0,16.1,0.0,Clear,45.0
3,2016-06-22 19:58:19,2016-06-22 20:43:19,38.64315,-121.434677,0.0,Sacramento,CA,82.4,29.87,9.0,12.7,0.0,Clear,45.0
2,2016-06-22 20:07:30,2016-06-22 20:52:30,38.658169,-120.969086,0.0,Cameron Park,CA,75.2,30.03,10.0,6.9,0.0,Clear,45.0
2,2016-06-22 20:20:55,2016-06-22 21:05:55,37.638012,-121.324409,0.0,Tracy,CA,81.0,29.88,10.0,16.1,0.0,Clear,45.0
3,2016-06-22 20:42:15,2016-06-22 21:12:15,37.31638,-121.951538,0.0,San Jose,CA,64.0,30.0,10.0,6.9,0.0,Clear,30.0
3,2016-06-22 20:51:12,2016-06-22 21:36:12,38.767025,-121.253128,0.0,Roseville,CA,77.0,29.88,9.0,15.0,0.0,Clear,45.0
2,2016-06-22 21:10:41,2016-06-22 22:25:41,39.233013,-121.03894,0.0,Grass Valley,CA,75.2,30.04,10.0,7.0,0.0,Clear,75.0
2,2016-06-22 21:44:20,2016-06-22 22:59:20,38.651775,-121.382942,0.0,North Highlands,CA,75.2,29.89,10.0,11.5,0.0,Clear,75.0
3,2016-06-22 22:01:43,2016-06-22 22:31:43,37.634174,-122.414825,0.0,San Bruno,CA,57.0,30.02,10.0,12.7,0.0,Partly Cloudy,30.0
3,2016-06-22 22:02:42,2016-06-22 22:32:42,37.581238,-122.049042,0.0,Fremont,CA,59.0,30.05,10.0,8.1,0.0,Clear,30.0
2,2016-06-22 22:08:03,2016-06-22 23:23:03,38.601833,-121.382904,0.0,Sacramento,CA,71.6,29.91,10.0,9.2,0.0,Clear,75.0
2,2016-06-22 22:23:58,2016-06-22 22:53:58,38.236176,-122.461472,0.0,Sonoma,CA,53.6,30.01,7.0,7.0,0.0,Mostly Cloudy,30.0
3,2016-06-22 22:22:53,2016-06-22 22:52:53,37.785542,-122.39138,0.0,San Francisco,CA,59.0,30.01,10.0,12.7,0.0,Partly Cloudy,30.0
2,2016-06-22 22:34:05,2016-06-22 23:04:05,37.62746,-120.99706299999998,0.0,Modesto,CA,78.1,29.91,10.0,10.4,0.0,Clear,30.0
2,2016-06-22 22:42:15,2016-06-22 23:42:15,38.761791,-120.915413,0.0,Placerville,CA,69.8,30.05,10.0,9.2,0.0,Clear,60.0
3,2016-06-22 23:26:28,2016-06-22 23:56:28,38.229401,-122.116844,0.0,Fairfield,CA,55.9,29.96,10.0,9.2,0.0,Light Rain,30.0
3,2016-06-22 23:28:00,2016-06-22 23:58:00,37.327499,-121.878082,0.0,San Jose,CA,59.0,30.03,10.0,3.5,0.0,Clear,30.0
1,2016-06-22 23:54:48,2016-06-23 00:39:48,37.750488,-121.379982,0.0,Tracy,CA,66.0,29.94,10.0,6.9,0.0,Clear,45.0
2,2016-06-23 00:12:46,2016-06-23 00:42:46,37.37682,-121.941536,0.0,San Jose,CA,59.0,30.03,10.0,5.8,0.0,Clear,30.0
3,2016-06-23 01:32:38,2016-06-23 02:32:38,37.38965200000001,-122.163582,0.0,Los Altos,CA,55.9,30.05,10.0,3.5,0.0,Clear,60.0
2,2016-06-23 01:32:06,2016-06-23 02:32:06,37.70306,-122.07856,0.0,Castro Valley,CA,57.0,30.04,10.0,10.4,0.0,Scattered Clouds,60.0
3,2016-06-23 01:37:25,2016-06-23 02:37:25,37.323593,-121.940826,0.0,San Jose,CA,57.9,30.04,10.0,4.6,0.0,Clear,60.0
3,2016-06-23 02:30:30,2016-06-23 03:30:30,37.690514,-121.918709,0.0,Pleasanton,CA,55.0,30.01,10.0,10.4,0.0,Clear,60.0
3,2016-06-23 02:22:17,2016-06-23 03:22:17,37.656654,-121.901588,0.0,Pleasanton,CA,55.9,30.01,10.0,12.7,0.0,Clear,60.0
3,2016-06-23 02:48:04,2016-06-23 03:48:04,37.753693,-122.151398,0.0,Oakland,CA,55.9,30.04,10.0,8.1,0.0,Overcast,60.0
3,2016-06-23 03:04:28,2016-06-23 04:04:28,38.227737,-122.120537,0.0,Fairfield,CA,54.0,29.98,10.0,5.8,0.0,Light Rain,60.0
2,2016-06-23 03:33:33,2016-06-23 04:33:33,37.769375,-122.405533,0.0,San Francisco,CA,54.0,30.04,10.0,11.5,0.0,Partly Cloudy,60.0
2,2016-06-23 03:34:59,2016-06-23 04:34:59,37.696819,-122.071869,0.0,Castro Valley,CA,57.0,30.06,10.0,9.2,0.0,Mostly Cloudy,60.0
3,2016-06-23 06:12:18,2016-06-23 06:54:00,37.8745,-122.306038,0.0,Berkeley,CA,55.9,30.06,10.0,4.6,0.0,Mostly Cloudy,41.7
2,2016-06-23 06:42:10,2016-06-23 07:34:18,37.752502,-122.403008,0.0,San Francisco,CA,57.9,30.07,10.0,7.0,0.0,Scattered Clouds,52.13333333333333
2,2016-06-23 07:26:37,2016-06-23 07:56:37,37.7883,-121.300407,0.0,Lathrop,CA,68.0,30.02,10.0,4.6,0.0,Clear,30.0
2,2016-06-23 07:10:03,2016-06-23 07:55:03,38.860706,-121.300247,0.0,Lincoln,CA,64.4,29.98,10.0,10.4,0.0,Clear,45.0
2,2016-06-23 07:12:38,2016-06-23 07:57:38,37.86365900000001,-121.218956,0.0,Stockton,CA,62.1,30.0,10.0,4.6,0.0,Clear,45.0
3,2016-06-23 08:42:50,2016-06-23 09:28:33,37.54723,-122.37265,0.0,Burlingame,CA,59.0,30.08,10.0,16.1,0.0,Partly Cloudy,45.71666666666667
3,2016-06-23 08:48:31,2016-06-23 09:18:31,37.33442700000001,-121.936485,0.0,San Jose,CA,64.0,30.08,10.0,3.5,0.0,Clear,30.0
2,2016-06-23 09:00:24,2016-06-23 09:30:24,36.950603,-121.523094,0.0,Gilroy,CA,64.4,30.09,9.0,3.5,0.0,Clear,30.0
2,2016-06-23 08:59:12,2016-06-23 09:44:12,38.660831,-121.337288,0.0,Sacramento,CA,68.0,30.03,10.0,10.4,0.0,Clear,45.0
3,2016-06-23 09:29:19,2016-06-23 09:59:19,38.222748,-122.12883,0.0,Fairfield,CA,66.0,30.04,10.0,6.9,0.0,Clear,30.0
3,2016-06-23 09:20:26,2016-06-23 09:50:26,37.343258,-121.846283,0.0,San Jose,CA,66.2,30.1,10.0,7.0,0.0,Clear,30.0
3,2016-06-23 09:22:33,2016-06-23 10:37:33,37.777836,-121.317451,0.0,Lathrop,CA,72.0,30.02,10.0,7.0,0.0,Clear,75.0
2,2016-06-23 09:28:40,2016-06-23 10:43:40,38.722092,-121.22583799999998,0.0,Roseville,CA,71.6,30.03,9.0,8.1,0.0,Clear,75.0
2,2016-06-23 09:38:38,2016-06-23 10:08:38,38.246796,-122.627808,0.0,Petaluma,CA,64.4,30.09,9.0,5.8,0.0,Clear,30.0
3,2016-06-23 09:36:50,2016-06-23 10:21:50,38.661053,-121.359779,0.0,Sacramento,CA,71.6,30.03,9.0,8.1,0.0,Clear,45.0
2,2016-06-23 09:30:59,2016-06-23 10:45:59,37.813274,-121.034325,0.0,Escalon,CA,79.0,30.01,10.0,8.1,0.0,Clear,75.0
3,2016-06-23 09:57:56,2016-06-23 10:27:56,37.731277,-122.435219,0.0,San Francisco,CA,61.0,30.08,10.0,19.6,0.0,Partly Cloudy,30.0
3,2016-06-23 09:50:39,2016-06-23 10:20:39,37.315239,-121.914902,0.0,San Jose,CA,68.0,30.08,10.0,7.0,0.0,Clear,30.0
3,2016-06-23 09:52:09,2016-06-23 10:22:09,37.328579,-121.871277,0.0,San Jose,CA,68.0,30.08,10.0,7.0,0.0,Clear,30.0
2,2016-06-23 10:01:11,2016-06-23 10:31:11,37.882004,-121.641479,0.0,Byron,CA,71.1,30.05,10.0,9.2,0.0,Clear,30.0
2,2016-06-23 09:55:31,2016-06-23 10:40:31,38.835583,-121.168533,0.0,Penryn,CA,78.8,30.06,10.0,5.8,0.0,Clear,45.0
2,2016-06-23 10:14:53,2016-06-23 10:44:53,37.933201,-122.046196,0.0,Walnut Creek,CA,75.0,30.0,10.0,8.1,0.0,Clear,30.0
3,2016-06-23 10:17:23,2016-06-23 10:47:23,37.657974,-121.902954,0.0,Pleasanton,CA,71.1,30.05,10.0,9.2,0.0,Clear,30.0
3,2016-06-23 10:19:30,2016-06-23 10:49:30,38.562939,-121.641922,0.0,Davis,CA,75.2,30.03,10.0,4.6,0.0,Clear,30.0
2,2016-06-23 10:31:07,2016-06-23 11:01:07,38.022778,-121.965698,0.0,Pittsburg,CA,78.1,30.01,10.0,9.2,0.0,Clear,30.0
3,2016-06-23 10:22:09,2016-06-23 10:52:09,37.656654,-121.901588,0.0,Pleasanton,CA,71.1,30.05,10.0,9.2,0.0,Clear,30.0
2,2016-06-23 10:31:51,2016-06-23 11:46:51,38.690273,-121.392136,0.0,North Highlands,CA,77.0,30.03,8.0,5.8,0.0,Clear,75.0
2,2016-06-23 10:32:51,2016-06-23 11:47:51,38.68111,-121.333244,0.0,Citrus Heights,CA,77.0,30.03,8.0,5.8,0.0,Clear,75.0
2,2016-06-23 10:31:12,2016-06-23 11:01:12,38.653061,-121.070541,0.0,El Dorado Hills,CA,77.0,30.02,10.0,3.5,0.0,Clear,30.0
